member,recipe,generation_seed,source_width_m,source_height_m,pivot_x_m,pivot_y_m,pivot_z_m,scale_x,scale_y,scale_z,vertical_stretch_ratio,mesh_min_x_m,mesh_min_y_m,mesh_min_z_m,mesh_max_x_m,mesh_max_y_m,mesh_max_z_m,preview_vertices,preview_triangles,node,node_operation,node_shape,node_seed,node_x_m,node_y_m,node_z_m,node_scale_x,node_scale_y,node_scale_z,node_rot_x_deg,node_rot_y_deg,node_rot_z_deg
Rock Workbench,A,801855505,0.7567222118377686,0.6025351285934448,0.8069601058959961,-0.3199999928474426,1.5954800844192505,1.0,4.729000091552734,1.0,4.729000091552734,0.22637876868247986,-0.3970932960510254,1.139121413230896,0.8730493783950806,2.4083619117736816,1.8981472253799438,2680,5356,Core Weathered Block Volume 1,Additive,WeatheredBlock,-523591681,-0.25087225437164307,0.26741936802864075,-0.028661608695983887,0.5615724325180054,0.5014929175376892,0.47602447867393494,291.181640625,156.53939819335938,281.0451354980469
Rock Workbench,A,801855505,0.7567222118377686,0.6025351285934448,0.8069601058959961,-0.3199999928474426,1.5954800844192505,1.0,4.729000091552734,1.0,4.729000091552734,0.22637876868247986,-0.3970932960510254,1.139121413230896,0.8730493783950806,2.4083619117736816,1.8981472253799438,2680,5356,Support Weathered Block Volume 2,Additive,WeatheredBlock,-104912998,-0.31184446811676025,0.31565603613853455,-0.19778215885162354,0.41133686900138855,0.5016971230506897,0.32867321372032166,294.1249084472656,157.94143676757812,279.75079345703125
Rock Workbench (3),B,839315657,0.5067122578620911,0.9610661268234253,0.5909600257873535,-0.3199999928474426,1.0214800834655762,1.5412869453430176,3.2720134258270264,1.1503000259399414,2.4312893922706156,-0.20377278327941895,-0.4146726131439209,0.7659959197044373,1.506079912185669,1.4703670740127563,2.4630630016326904,2906,5808,Core Weathered Block Volume 1,Additive,WeatheredBlock,613235444,0.2090393304824829,0.2738203704357147,0.3041127622127533,0.4547061324119568,0.7423976063728333,0.42703166604042053,64.97904968261719,312.0552978515625,279.419921875
Rock Workbench (3),B,839315657,0.5067122578620911,0.9610661268234253,0.5909600257873535,-0.3199999928474426,1.0214800834655762,1.5412869453430176,3.2720134258270264,1.1503000259399414,2.4312893922706156,-0.20377278327941895,-0.4146726131439209,0.7659959197044373,1.506079912185669,1.4703670740127563,2.4630630016326904,2906,5808,Support Weathered Block Volume 2,Additive,WeatheredBlock,-50834004,0.33146828413009644,0.16728641092777252,0.44824308156967163,0.32385119795799255,0.8198578357696533,0.29779958724975586,63.45111083984375,311.48858642578125,278.90960693359375
Rock Workbench (1),C,1602256044,0.674349844455719,0.7008387446403503,0.5559601783752441,-0.3199999928474426,1.6184799671173096,1.0,3.5058999061584473,1.0,3.5058999061584473,0.4388965368270874,-0.263510525226593,1.3139222860336304,1.212501049041748,2.116725444793701,2.1373486518859863,2932,5860,Core Weathered Block Volume 1,Additive,WeatheredBlock,-1573314350,0.2908608913421631,0.3525194227695465,0.11997330188751221,0.5657476782798767,0.6300582885742188,0.48238489031791687,52.959991455078125,341.1419982910156,276.5989074707031
Rock Workbench (1),C,1602256044,0.674349844455719,0.7008387446403503,0.5559601783752441,-0.3199999928474426,1.6184799671173096,1.0,3.5058999061584473,1.0,3.5058999061584473,0.4388965368270874,-0.263510525226593,1.3139222860336304,1.212501049041748,2.116725444793701,2.1373486518859863,2932,5860,Support Weathered Block Volume 2,Additive,WeatheredBlock,1172231713,0.29602038860321045,0.4371892511844635,0.22734415531158447,0.4056018590927124,0.6629117131233215,0.33396026492118835,51.12525939941406,340.803955078125,276.33233642578125
Rock Workbench (13),C,1602256044,0.674349844455719,0.7008387446403503,-0.30003976821899414,-0.3199999928474426,1.0444800853729248,1.3005000352859497,4.559422969818115,1.3005000352859497,3.5058999201146537,-0.4522811770439148,-0.2465355396270752,0.6484028697013855,0.5537914633750916,2.848961114883423,1.719269037246704,2932,5860,Core Weathered Block Volume 1,Additive,WeatheredBlock,-1573314350,0.2908608615398407,0.35251936316490173,0.11997339874505997,0.5657476782798767,0.6300582885742188,0.48238489031791687,52.959991455078125,341.1419982910156,276.5989074707031
Rock Workbench (13),C,1602256044,0.674349844455719,0.7008387446403503,-0.30003976821899414,-0.3199999928474426,1.0444800853729248,1.3005000352859497,4.559422969818115,1.3005000352859497,3.5058999201146537,-0.4522811770439148,-0.2465355396270752,0.6484028697013855,0.5537914633750916,2.848961114883423,1.719269037246704,2932,5860,Support Weathered Block Volume 2,Additive,WeatheredBlock,1172231713,0.29602041840553284,0.4371892809867859,0.22734417021274567,0.4056018590927124,0.6629117131233215,0.33396026492118835,51.12525939941406,340.803955078125,276.33233642578125
Rock Workbench (14),C,1602256044,0.674349844455719,0.7008387446403503,0.24696016311645508,-0.3199999928474426,1.5554800033569336,1.3005000352859497,4.559422969818115,1.3005000352859497,3.5058999201146537,0.09471875429153442,-0.2465355396270752,1.159402847290039,1.1007916927337646,2.848961114883423,2.230268955230713,2932,5860,Core Weathered Block Volume 1,Additive,WeatheredBlock,-1573314350,0.2908608615398407,0.35251936316490173,0.11997339874505997,0.5657476782798767,0.6300582885742188,0.48238489031791687,52.959991455078125,341.1419982910156,276.5989074707031
Rock Workbench (14),C,1602256044,0.674349844455719,0.7008387446403503,0.24696016311645508,-0.3199999928474426,1.5554800033569336,1.3005000352859497,4.559422969818115,1.3005000352859497,3.5058999201146537,0.09471875429153442,-0.2465355396270752,1.159402847290039,1.1007916927337646,2.848961114883423,2.230268955230713,2932,5860,Support Weathered Block Volume 2,Additive,WeatheredBlock,1172231713,0.2960204482078552,0.4371892809867859,0.22734417021274567,0.4056018590927124,0.6629117131233215,0.33396026492118835,51.12525939941406,340.803955078125,276.33233642578125
Rock Workbench (15),C,1602256044,0.674349844455719,0.7008387446403503,1.4869599342346191,-0.3199999928474426,2.7554800510406494,1.3004999160766602,4.559422969818115,1.3004999160766602,3.505900241480179,0.5926880836486816,-0.24653542041778564,1.985522747039795,1.7170250415802002,2.848961353302002,3.1666364669799805,2932,5860,Core Weathered Block Volume 1,Additive,WeatheredBlock,-1573314350,0.29086095094680786,0.35251936316490173,0.11997335404157639,0.5657476782798767,0.6300582885742188,0.48238489031791687,52.959991455078125,341.1419982910156,276.5989074707031
Rock Workbench (15),C,1602256044,0.674349844455719,0.7008387446403503,1.4869599342346191,-0.3199999928474426,2.7554800510406494,1.3004999160766602,4.559422969818115,1.3004999160766602,3.505900241480179,0.5926880836486816,-0.24653542041778564,1.985522747039795,1.7170250415802002,2.848961353302002,3.1666364669799805,2932,5860,Support Weathered Block Volume 2,Additive,WeatheredBlock,1172231713,0.2960205078125,0.4371892809867859,0.22734418511390686,0.4056018590927124,0.6629117131233215,0.33396026492118835,51.12525939941406,340.803955078125,276.33233642578125
Rock Workbench (4),C,1602256044,0.674349844455719,0.7008387446403503,-0.41603994369506836,-0.3199999928474426,0.8694800138473511,1.3181999921798706,2.90464448928833,1.3181999921798706,2.2034930257320062,-0.5703532099723816,-0.27319836616516113,0.4680122137069702,0.4494120478630066,1.6988314390182495,1.5534530878067017,2932,5860,Core Weathered Block Volume 1,Additive,WeatheredBlock,-1573314350,0.2908608615398407,0.3525193929672241,0.11997336149215698,0.5657476782798767,0.6300582885742188,0.48238489031791687,52.959991455078125,341.1419982910156,276.5989074707031
Rock Workbench (4),C,1602256044,0.674349844455719,0.7008387446403503,-0.41603994369506836,-0.3199999928474426,0.8694800138473511,1.3181999921798706,2.90464448928833,1.3181999921798706,2.2034930257320062,-0.5703532099723816,-0.27319836616516113,0.4680122137069702,0.4494120478630066,1.6988314390182495,1.5534530878067017,2932,5860,Support Weathered Block Volume 2,Additive,WeatheredBlock,1172231713,0.29602041840553284,0.4371893107891083,0.22734420001506805,0.4056018590927124,0.6629117131233215,0.33396026492118835,51.12525939941406,340.803955078125,276.33233642578125
Rock Workbench (7),C,1602256044,0.674349844455719,0.7008387446403503,-0.4800400733947754,-0.3199999928474426,0.5874800682067871,0.7123289108276367,1.5696117877960205,0.7123289108276367,2.203493026798995,-0.5634279251098633,-0.29470932483673096,0.37053489685058594,-0.012367099523544312,0.7709362506866455,0.957085371017456,2932,5860,Core Weathered Block Volume 1,Additive,WeatheredBlock,-1573314350,0.2908608913421631,0.3525194227695465,0.11997335404157639,0.5657476782798767,0.6300582885742188,0.48238489031791687,52.959991455078125,341.1419982910156,276.5989074707031
Rock Workbench (7),C,1602256044,0.674349844455719,0.7008387446403503,-0.4800400733947754,-0.3199999928474426,0.5874800682067871,0.7123289108276367,1.5696117877960205,0.7123289108276367,2.203493026798995,-0.5634279251098633,-0.29470932483673096,0.37053489685058594,-0.012367099523544312,0.7709362506866455,0.957085371017456,2932,5860,Support Weathered Block Volume 2,Additive,WeatheredBlock,1172231713,0.29602041840553284,0.4371893107891083,0.22734412550926208,0.4056018590927124,0.6629117131233215,0.33396026492118835,51.12525939941406,340.803955078125,276.33233642578125
Rock Workbench (12),C,1602256044,0.674349844455719,0.7008387446403503,0.6039600372314453,-0.3199999928474426,1.4134800434112549,0.7123289108276367,1.5696117877960205,0.7123289108276367,2.203493026798995,0.5205721855163574,-0.2947092652320862,1.1965349912643433,1.071632981300354,0.7709363102912903,1.7830854654312134,2932,5860,Core Weathered Block Volume 1,Additive,WeatheredBlock,-1573314350,0.2908608913421631,0.3525194227695465,0.11997343599796295,0.5657476782798767,0.6300582885742188,0.48238489031791687,52.959991455078125,341.1419982910156,276.5989074707031
Rock Workbench (12),C,1602256044,0.674349844455719,0.7008387446403503,0.6039600372314453,-0.3199999928474426,1.4134800434112549,0.7123289108276367,1.5696117877960205,0.7123289108276367,2.203493026798995,0.5205721855163574,-0.2947092652320862,1.1965349912643433,1.071632981300354,0.7709363102912903,1.7830854654312134,2932,5860,Support Weathered Block Volume 2,Additive,WeatheredBlock,1172231713,0.29602041840553284,0.4371893107891083,0.22734412550926208,0.4056018590927124,0.6629117131233215,0.33396026492118835,51.12525939941406,340.803955078125,276.33233642578125
Rock Workbench (9),C,1602256044,0.674349844455719,0.7008387446403503,0.20696020126342773,-0.3199999928474426,1.0014801025390625,0.7123289108276367,1.5696117877960205,0.7123289108276367,2.203493026798995,0.12357231974601746,-0.2947092652320862,0.7845350503921509,0.674633264541626,0.7709363102912903,1.371085524559021,2932,5860,Core Weathered Block Volume 1,Additive,WeatheredBlock,-1573314350,0.2908608913421631,0.3525194227695465,0.11997343599796295,0.5657476782798767,0.6300582885742188,0.48238489031791687,52.959991455078125,341.1419982910156,276.5989074707031
Rock Workbench (9),C,1602256044,0.674349844455719,0.7008387446403503,0.20696020126342773,-0.3199999928474426,1.0014801025390625,0.7123289108276367,1.5696117877960205,0.7123289108276367,2.203493026798995,0.12357231974601746,-0.2947092652320862,0.7845350503921509,0.674633264541626,0.7709363102912903,1.371085524559021,2932,5860,Support Weathered Block Volume 2,Additive,WeatheredBlock,1172231713,0.29602041840553284,0.4371893107891083,0.22734412550926208,0.4056018590927124,0.6629117131233215,0.33396026492118835,51.12525939941406,340.803955078125,276.33233642578125
Rock Workbench (17),C,1602256044,0.674349844455719,0.7008387446403503,0.9569602012634277,-0.3199999928474426,1.7454800605773926,0.8697535395622253,3.205531358718872,0.8697535395622253,3.68556287834404,0.8551435470581055,-0.2683500647544861,1.4805898666381836,1.5279889106750488,1.9079585075378418,2.196768045425415,2932,5860,Core Weathered Block Volume 1,Additive,WeatheredBlock,-1573314350,0.2908608615398407,0.3525194227695465,0.11997333914041519,0.5657476782798767,0.6300582885742188,0.48238489031791687,52.959991455078125,341.1419982910156,276.5989074707031
Rock Workbench (17),C,1602256044,0.674349844455719,0.7008387446403503,0.9569602012634277,-0.3199999928474426,1.7454800605773926,0.8697535395622253,3.205531358718872,0.8697535395622253,3.68556287834404,0.8551435470581055,-0.2683500647544861,1.4805898666381836,1.5279889106750488,1.9079585075378418,2.196768045425415,2932,5860,Support Weathered Block Volume 2,Additive,WeatheredBlock,1172231713,0.29602038860321045,0.4371892809867859,0.22734418511390686,0.4056018590927124,0.6629117131233215,0.33396026492118835,51.12525939941406,340.803955078125,276.33233642578125
Rock Workbench (8),C,1602256044,0.674349844455719,0.7008387446403503,-0.27604007720947266,0.8149999976158142,0.6244800686836243,0.7123289108276367,1.5696117877960205,0.7123289108276367,2.203493026798995,-0.35942792892456055,0.8402904868125916,0.40753480792045593,0.1916329711675644,1.9059360027313232,0.9940853118896484,2932,5860,Core Weathered Block Volume 1,Additive,WeatheredBlock,-1573314350,0.2908608913421631,0.35251936316490173,0.11997335404157639,0.5657476782798767,0.6300582885742188,0.48238489031791687,52.959991455078125,341.1419982910156,276.5989074707031
Rock Workbench (8),C,1602256044,0.674349844455719,0.7008387446403503,-0.27604007720947266,0.8149999976158142,0.6244800686836243,0.7123289108276367,1.5696117877960205,0.7123289108276367,2.203493026798995,-0.35942792892456055,0.8402904868125916,0.40753480792045593,0.1916329711675644,1.9059360027313232,0.9940853118896484,2932,5860,Support Weathered Block Volume 2,Additive,WeatheredBlock,1172231713,0.29602041840553284,0.4371893107891083,0.22734421491622925,0.4056018590927124,0.6629117131233215,0.33396026492118835,51.12525939941406,340.803955078125,276.33233642578125
Rock Workbench (11),C,1602256044,0.674349844455719,0.7008387446403503,1.2839598655700684,-0.47999998927116394,2.046480178833008,0.7123289108276367,1.5696117877960205,0.7123289108276367,2.203493026798995,1.2005720138549805,-0.45470932126045227,1.829534888267517,1.7516329288482666,0.6109364032745361,2.4160852432250977,2932,5860,Core Weathered Block Volume 1,Additive,WeatheredBlock,-1573314350,0.2908608913421631,0.3525194227695465,0.11997326463460922,0.5657476782798767,0.6300582885742188,0.48238489031791687,52.959991455078125,341.1419982910156,276.5989074707031
Rock Workbench (11),C,1602256044,0.674349844455719,0.7008387446403503,1.2839598655700684,-0.47999998927116394,2.046480178833008,0.7123289108276367,1.5696117877960205,0.7123289108276367,2.203493026798995,1.2005720138549805,-0.45470932126045227,1.829534888267517,1.7516329288482666,0.6109364032745361,2.4160852432250977,2932,5860,Support Weathered Block Volume 2,Additive,WeatheredBlock,1172231713,0.2960204780101776,0.4371893107891083,0.2273443043231964,0.4056018590927124,0.6629117131233215,0.33396026492118835,51.12525939941406,340.803955078125,276.33233642578125
Rock Workbench (2),D,-309069799,0.7713461518287659,0.7819316983222961,1.056960105895996,-0.25999999046325684,2.8754801750183105,1.2740002870559692,3.4913766384124756,1.2740002870559692,2.74048340011017,0.36244791746139526,-0.4500391483306885,1.802872896194458,1.590949296951294,2.738830089569092,2.996422529220581,4734,9464,Core Weathered Block Volume 1,Additive,WeatheredBlock,-77459577,0.3293231129646301,0.429879754781723,-0.052402645349502563,0.675481915473938,0.6724626421928406,0.7252230048179626,21.82685089111328,185.7012481689453,85.72352600097656
Rock Workbench (2),D,-309069799,0.7713461518287659,0.7819316983222961,1.056960105895996,-0.25999999046325684,2.8754801750183105,1.2740002870559692,3.4913766384124756,1.2740002870559692,2.74048340011017,0.36244791746139526,-0.4500391483306885,1.802872896194458,1.590949296951294,2.738830089569092,2.996422529220581,4734,9464,Support Weathered Block Volume 2,Additive,WeatheredBlock,384891063,0.44642332196235657,0.2640848755836487,-0.06547025591135025,0.48410260677337646,0.6792963743209839,0.4886905550956726,20.623294830322266,185.7974090576172,85.75833129882812
Rock Workbench (6),D,-309069799,0.7713461518287659,0.7819316983222961,-0.34303998947143555,-0.25999999046325684,1.3654800653457642,1.2121001482009888,3.3217406272888184,1.2121001482009888,2.740483640909523,-1.003807544708252,-0.4408057928085327,0.3449881672859192,0.16500425338745117,2.593125343322754,1.480546236038208,4734,9464,Core Weathered Block Volume 1,Additive,WeatheredBlock,-77459577,0.3293231725692749,0.4298797845840454,-0.05240263417363167,0.675481915473938,0.6724626421928406,0.7252230048179626,21.82685089111328,185.7012481689453,85.72352600097656
Rock Workbench (6),D,-309069799,0.7713461518287659,0.7819316983222961,-0.34303998947143555,-0.25999999046325684,1.3654800653457642,1.2121001482009888,3.3217406272888184,1.2121001482009888,2.740483640909523,-1.003807544708252,-0.4408057928085327,0.3449881672859192,0.16500425338745117,2.593125343322754,1.480546236038208,4734,9464,Support Weathered Block Volume 2,Additive,WeatheredBlock,384891063,0.44642341136932373,0.2640848755836487,-0.06547024101018906,0.48410260677337646,0.6792963743209839,0.4886905550956726,20.623294830322266,185.7974090576172,85.75833129882812
Rock Workbench (16),D,-309069799,0.7713461518287659,0.7819316983222961,0.9369602203369141,-0.25999999046325684,2.7054800987243652,1.2121001482009888,3.3217406272888184,1.2121001482009888,2.740483640909523,0.27619266510009766,-0.4408057928085327,1.6849883794784546,1.4450044631958008,2.593125343322754,2.8205461502075195,4734,9464,Core Weathered Block Volume 1,Additive,WeatheredBlock,-77459577,0.3293231725692749,0.4298797845840454,-0.05240263417363167,0.675481915473938,0.6724626421928406,0.7252230048179626,21.82685089111328,185.7012481689453,85.72352600097656
Rock Workbench (16),D,-309069799,0.7713461518287659,0.7819316983222961,0.9369602203369141,-0.25999999046325684,2.7054800987243652,1.2121001482009888,3.3217406272888184,1.2121001482009888,2.740483640909523,0.27619266510009766,-0.4408057928085327,1.6849883794784546,1.4450044631958008,2.593125343322754,2.8205461502075195,4734,9464,Support Weathered Block Volume 2,Additive,WeatheredBlock,384891063,0.44642332196235657,0.2640848755836487,-0.06547024101018906,0.48410260677337646,0.6792963743209839,0.4886905550956726,20.623294830322266,185.7974090576172,85.75833129882812
Rock Workbench (10),E,117959393,0.8599748015403748,0.9353708624839783,0.6469602584838867,-0.25999999046325684,2.331480026245117,1.4154000282287598,3.31571626663208,1.4154000282287598,2.3426001133978978,0.5395210981369019,-0.41790592670440674,1.8777800798416138,1.9232686758041382,1.9781302213668823,3.2147951126098633,4314,8624,Core Weathered Block Volume 1,Additive,WeatheredBlock,275304741,0.37280747294425964,0.32446619868278503,0.126400426030159,0.6191588640213013,0.7919219732284546,0.5911265015602112,285.4640808105469,325.7519226074219,285.0474853515625
Rock Workbench (10),E,117959393,0.8599748015403748,0.9353708624839783,0.6469602584838867,-0.25999999046325684,2.331480026245117,1.4154000282287598,3.31571626663208,1.4154000282287598,2.3426001133978978,0.5395210981369019,-0.41790592670440674,1.8777800798416138,1.9232686758041382,1.9781302213668823,3.2147951126098633,4314,8624,Support Weathered Block Volume 2,Additive,WeatheredBlock,1714782084,0.4632807970046997,0.19109031558036804,0.2854419946670532,0.4349794089794159,0.8202798366546631,0.39930370450019836,283.51959228515625,323.50421142578125,287.2239990234375
Rock Workbench (5),D,-309069799,0.7713461518287659,0.7819316983222961,0.26696014404296875,-0.25999999046325684,1.7554800510406494,1.0,2.7404839992523193,1.0,2.7404839992523193,-0.2781825661659241,-0.4091672897338867,0.9135595560073853,0.6861039400100708,2.093869686126709,1.850411295890808,4734,9464,Core Weathered Block Volume 1,Additive,WeatheredBlock,-77459577,0.3293231427669525,0.429879754781723,-0.052402645349502563,0.675481915473938,0.6724626421928406,0.7252230048179626,21.82685089111328,185.7012481689453,85.72352600097656
Rock Workbench (5),D,-309069799,0.7713461518287659,0.7819316983222961,0.26696014404296875,-0.25999999046325684,1.7554800510406494,1.0,2.7404839992523193,1.0,2.7404839992523193,-0.2781825661659241,-0.4091672897338867,0.9135595560073853,0.6861039400100708,2.093869686126709,1.850411295890808,4734,9464,Support Weathered Block Volume 2,Additive,WeatheredBlock,384891063,0.4464234411716461,0.2640848755836487,-0.06547027826309204,0.48410260677337646,0.6792963743209839,0.4886905550956726,20.623294830322266,185.7974090576172,85.75833129882812
