candidateId,ownerCellA,ownerCellB,distanceFromToeM,absoluteA,absoluteB,heightM,slopeDegrees,strataExposure,deposit,sediment,debrisInfluence
ca6eda59c70d2f3e0206bfd5fae0b8d9,39,27,-9.75,60.596,47.097,0.924,4.083,0.293,0.168,0.4,0
ca6eda59c70d2f3e0206bfd5fae0b8d9,39,27,-9,60.428,46.366,0.869,5.839,0.306,0.151,0.4,0
ca6eda59c70d2f3e0206bfd5fae0b8d9,39,27,-8.25,60.259,45.635,0.764,12.169,0.352,0.089,0.4,0
ca6eda59c70d2f3e0206bfd5fae0b8d9,39,27,-7.5,60.091,44.904,0.535,22.885,0.429,0,0.4,0
ca6eda59c70d2f3e0206bfd5fae0b8d9,39,27,-6.75,59.923,44.174,0.144,30.445,0.484,0,0.4,0
ca6eda59c70d2f3e0206bfd5fae0b8d9,39,27,-6,59.755,43.443,-0.358,38.454,0.542,0,0.4,0
ca6eda59c70d2f3e0206bfd5fae0b8d9,39,27,-5.25,59.586,42.712,-1.031,43.462,0.578,0,0.4,0
ca6eda59c70d2f3e0206bfd5fae0b8d9,39,27,-4.5,59.418,41.981,-1.757,43.318,0.577,0,0.4,0
ca6eda59c70d2f3e0206bfd5fae0b8d9,39,27,-3.75,59.25,41.25,-2.422,38.429,0.542,0,0.4,0
ca6eda59c70d2f3e0206bfd5fae0b8d9,39,27,-3,59.082,40.519,-3.152,50.87,0.632,0,0.4,0
ca6eda59c70d2f3e0206bfd5fae0b8d9,39,27,-2.25,58.914,39.788,-3.989,46.987,0.604,0,0.4,0
ca6eda59c70d2f3e0206bfd5fae0b8d9,39,27,-1.5,58.745,39.057,-4.609,39.065,0.546,0,0.4,0
ca6eda59c70d2f3e0206bfd5fae0b8d9,39,27,-0.75,58.577,38.326,-5.046,26.277,0.454,0,0.4,0
ca6eda59c70d2f3e0206bfd5fae0b8d9,39,27,0,58.409,37.596,-5.234,6.433,0.31,0.146,0.4,1
ca6eda59c70d2f3e0206bfd5fae0b8d9,39,27,0.75,58.241,36.865,-5.254,1.265,0.272,0.196,0.4,0.723
ca6eda59c70d2f3e0206bfd5fae0b8d9,39,27,1.5,58.072,36.134,-5.265,2.072,0.278,0.188,0.4,0.49
ca6eda59c70d2f3e0206bfd5fae0b8d9,39,27,2.25,57.904,35.403,-5.177,12.855,0.356,0.083,0.4,0.303
ca6eda59c70d2f3e0206bfd5fae0b8d9,39,27,3,57.736,34.672,-4.964,15.476,0.375,0.057,0.4,0.16
ca6eda59c70d2f3e0206bfd5fae0b8d9,39,27,3.75,57.568,33.941,-4.804,6.295,0.309,0.147,0.4,0.063
ca6eda59c70d2f3e0206bfd5fae0b8d9,39,27,4.5,57.399,33.21,-4.797,1.697,0.276,0.193,0.4,0.01
ca6eda59c70d2f3e0206bfd5fae0b8d9,39,27,5.25,57.231,32.479,-4.802,1.192,0.272,0.197,0.401,0
a2194adf1b671fc2acf2ad1c3c05cb55,35,-10,-11.25,48.458,-16.395,0.73,7.092,0.314,0.145,0.402,0
a2194adf1b671fc2acf2ad1c3c05cb55,35,-10,-10.5,49.143,-16.089,0.782,4.973,0.299,0.165,0.402,0
a2194adf1b671fc2acf2ad1c3c05cb55,35,-10,-9.75,49.827,-15.782,0.793,6.59,0.31,0.145,0.402,0
a2194adf1b671fc2acf2ad1c3c05cb55,35,-10,-9,50.512,-15.476,0.601,21.659,0.419,0.002,0.401,0
a2194adf1b671fc2acf2ad1c3c05cb55,35,-10,-8.25,51.196,-15.169,0.223,27.783,0.464,0,0.401,0
a2194adf1b671fc2acf2ad1c3c05cb55,35,-10,-7.5,51.881,-14.863,-0.178,31.714,0.492,0,0.401,0
a2194adf1b671fc2acf2ad1c3c05cb55,35,-10,-6.75,52.565,-14.556,-0.68,34.926,0.516,0,0.401,0
a2194adf1b671fc2acf2ad1c3c05cb55,35,-10,-6,53.25,-14.25,-1.229,36.344,0.526,0,0.401,0
a2194adf1b671fc2acf2ad1c3c05cb55,35,-10,-5.25,53.935,-13.944,-1.774,35.196,0.518,0,0.401,0
a2194adf1b671fc2acf2ad1c3c05cb55,35,-10,-4.5,54.619,-13.637,-2.279,32.361,0.497,0,0.401,0
a2194adf1b671fc2acf2ad1c3c05cb55,35,-10,-3.75,55.304,-13.331,-2.729,29.041,0.473,0,0.401,0
a2194adf1b671fc2acf2ad1c3c05cb55,35,-10,-3,55.988,-13.024,-3.132,32.408,0.498,0,0.401,0
a2194adf1b671fc2acf2ad1c3c05cb55,35,-10,-2.25,56.673,-12.718,-3.701,41.869,0.566,0,0.401,0
a2194adf1b671fc2acf2ad1c3c05cb55,35,-10,-1.5,57.357,-12.411,-4.347,38.346,0.541,0,0.401,0
a2194adf1b671fc2acf2ad1c3c05cb55,35,-10,-0.75,58.042,-12.105,-4.807,29.989,0.48,0,0.4,0
a2194adf1b671fc2acf2ad1c3c05cb55,35,-10,0,58.726,-11.798,-5.13,19.379,0.404,0.021,0.4,1
a2194adf1b671fc2acf2ad1c3c05cb55,35,-10,0.75,59.411,-11.492,-5.248,2.227,0.28,0.186,0.4,0.723
a2194adf1b671fc2acf2ad1c3c05cb55,35,-10,1.5,60.095,-11.186,-5.245,0.407,0.266,0.204,0.4,0.49
a2194adf1b671fc2acf2ad1c3c05cb55,35,-10,2.25,60.78,-10.879,-5.211,8.377,0.324,0.127,0.4,0.303
a2194adf1b671fc2acf2ad1c3c05cb55,35,-10,3,61.464,-10.573,-5.052,14.348,0.368,0.07,0.4,0.16
a2194adf1b671fc2acf2ad1c3c05cb55,35,-10,3.75,62.149,-10.266,-4.871,12.241,0.352,0.09,0.4,0.063
a2194adf1b671fc2acf2ad1c3c05cb55,35,-10,4.5,62.834,-9.96,-4.766,3.191,0.287,0.177,0.4,0.01
a2194adf1b671fc2acf2ad1c3c05cb55,35,-10,5.25,63.518,-9.653,-4.761,0.189,0.265,0.206,0.4,0
893105d2bd8d11a39d16260c593c69c7,-16,7,-9.75,-21.045,14.283,0.173,6.872,0.306,0.15,0.411,0
893105d2bd8d11a39d16260c593c69c7,-16,7,-9,-21.486,13.677,0.241,6.65,0.305,0.151,0.411,0
893105d2bd8d11a39d16260c593c69c7,-16,7,-8.25,-21.927,13.07,0.303,1.975,0.271,0.195,0.412,0
893105d2bd8d11a39d16260c593c69c7,-16,7,-7.5,-22.368,12.463,0.312,7.356,0.31,0.142,0.412,0
893105d2bd8d11a39d16260c593c69c7,-16,7,-6.75,-22.809,11.857,-0.071,45.011,0.582,0,0.412,0
893105d2bd8d11a39d16260c593c69c7,-16,7,-6,-23.25,11.25,-1.103,58.336,0.676,0,0.412,0
893105d2bd8d11a39d16260c593c69c7,-16,7,-5.25,-23.691,10.643,-2.08,42.593,0.565,0,0.412,0
893105d2bd8d11a39d16260c593c69c7,-16,7,-4.5,-24.132,10.037,-2.671,34.223,0.504,0,0.412,0
893105d2bd8d11a39d16260c593c69c7,-16,7,-3.75,-24.573,9.43,-3.156,32.687,0.493,0,0.412,0
893105d2bd8d11a39d16260c593c69c7,-16,7,-3,-25.014,8.823,-3.62,32.821,0.494,0,0.412,0
893105d2bd8d11a39d16260c593c69c7,-16,7,-2.25,-25.455,8.217,-4.085,25.969,0.444,0,0.412,0
893105d2bd8d11a39d16260c593c69c7,-16,7,-1.5,-25.896,7.61,-4.363,23.794,0.428,0,0.412,0
893105d2bd8d11a39d16260c593c69c7,-16,7,-0.75,-26.337,7.003,-4.693,24.211,0.431,0,0.412,0
893105d2bd8d11a39d16260c593c69c7,-16,7,0,-26.777,6.396,-4.915,15.196,0.366,0.075,0.412,1
893105d2bd8d11a39d16260c593c69c7,-16,7,0.75,-27.218,5.79,-5.06,14.371,0.36,0.082,0.412,0.723
893105d2bd8d11a39d16260c593c69c7,-16,7,1.5,-27.659,5.183,-5.211,14.012,0.357,0.085,0.412,0.49
893105d2bd8d11a39d16260c593c69c7,-16,7,2.25,-28.1,4.576,-5.355,9.309,0.323,0.127,0.412,0.303
893105d2bd8d11a39d16260c593c69c7,-16,7,3,-28.541,3.97,-5.343,10.893,0.335,0.11,0.412,0.16
893105d2bd8d11a39d16260c593c69c7,-16,7,3.75,-28.982,3.363,-5.162,7.806,0.312,0.139,0.413,0.063
893105d2bd8d11a39d16260c593c69c7,-16,7,4.5,-29.423,2.756,-5.186,0.931,0.262,0.205,0.413,0.01
893105d2bd8d11a39d16260c593c69c7,-16,7,5.25,-29.864,2.15,-5.13,7.014,0.306,0.152,0.413,0
1d5d02181d4e30c04e89d559e78c31c6,31,0,-10.5,43.169,-1.147,0.64,20.862,0.413,0.006,0.402,0
1d5d02181d4e30c04e89d559e78c31c6,31,0,-9.75,43.849,-0.831,0.813,9.651,0.332,0.115,0.402,0
1d5d02181d4e30c04e89d559e78c31c6,31,0,-9,44.53,-0.515,0.841,3.632,0.288,0.175,0.402,0
1d5d02181d4e30c04e89d559e78c31c6,31,0,-8.25,45.21,-0.198,0.665,23.537,0.433,0,0.402,0
1d5d02181d4e30c04e89d559e78c31c6,31,0,-7.5,45.89,0.118,0.194,37.794,0.536,0,0.402,0
1d5d02181d4e30c04e89d559e78c31c6,31,0,-6.75,46.57,0.434,-0.456,42.178,0.568,0,0.402,0
1d5d02181d4e30c04e89d559e78c31c6,31,0,-6,47.25,0.75,-1.126,39.713,0.55,0,0.402,0
1d5d02181d4e30c04e89d559e78c31c6,31,0,-5.25,47.93,1.066,-1.67,32.852,0.5,0,0.402,0
1d5d02181d4e30c04e89d559e78c31c6,31,0,-4.5,48.61,1.382,-2.11,27.009,0.458,0,0.402,0
1d5d02181d4e30c04e89d559e78c31c6,31,0,-3.75,49.29,1.698,-2.461,27.089,0.459,0,0.402,0
1d5d02181d4e30c04e89d559e78c31c6,31,0,-3,49.97,2.015,-2.894,29.688,0.478,0,0.402,0
1d5d02181d4e30c04e89d559e78c31c6,31,0,-2.25,50.651,2.331,-3.285,27.662,0.463,0,0.401,0
1d5d02181d4e30c04e89d559e78c31c6,31,0,-1.5,51.331,2.647,-3.673,26.125,0.452,0,0.401,0
1d5d02181d4e30c04e89d559e78c31c6,31,0,-0.75,52.011,2.963,-4.011,22.024,0.422,0.004,0.401,0
1d5d02181d4e30c04e89d559e78c31c6,31,0,0,52.691,3.279,-4.27,17.174,0.387,0.05,0.401,1
1d5d02181d4e30c04e89d559e78c31c6,31,0,0.75,53.371,3.595,-4.488,15.707,0.377,0.063,0.401,0.723
1d5d02181d4e30c04e89d559e78c31c6,31,0,1.5,54.051,3.911,-4.687,13.652,0.362,0.082,0.401,0.49
1d5d02181d4e30c04e89d559e78c31c6,31,0,2.25,54.731,4.227,-4.847,10.624,0.34,0.109,0.401,0.303
1d5d02181d4e30c04e89d559e78c31c6,31,0,3,55.411,4.544,-4.97,8.38,0.324,0.129,0.401,0.16
1d5d02181d4e30c04e89d559e78c31c6,31,0,3.75,56.092,4.86,-5.069,6.979,0.314,0.142,0.401,0.063
1d5d02181d4e30c04e89d559e78c31c6,31,0,4.5,56.772,5.176,-5.154,5.988,0.307,0.152,0.401,0.01
1d5d02181d4e30c04e89d559e78c31c6,31,0,5.25,57.452,5.492,-5.237,5.571,0.304,0.156,0.4,0
