b817a47a0cb7789c1449f610859138fa78f805da,6839b0daabe5f3d3b2852029494818658ae944cd
e8d67172379b7a0f0f2ef27e43ffeac4c52d45fc,d5e0dca8abb470135acedd1cf2ec937d0b1cc21c
66ef7493e8807856275357c967d4e1fe627846cc,f2ef04607ff9f161544b760a4e6cd66d62e10fd9
e006882904d80b9f9919c50f1bfe3b510ea1feaf,e5835abab50ada4af610e2d6f60d37c47d2a4069
5611ab9ccde203bc4c5f61f72d8ebac1aadc8574,802d4bb112a77241dbf95b2f635e07bf4a6dc63a
db7f25104710ae84032490528bbd2c791bf0c4cd,8727a33c40b9455c85c331c600f13a5e06c1ef90
57c28206b04eb698b618bf041504c74d6c9504c0,5d9a3e1d993e5966bceb29b0183f27501217cd2a
2de9c8ea661b7b94fa5419a558a1513190127ebf,8c2641f155b4382be6e1947062b0e2458cee1041
8c0a76d0cc93fd8ee179de4ddf81967a8c7fd66f,a7bcb8b31ceb765f39dabd294af13ffd001c013c
eb1330e584cb0dcd462e44f386df8e960db2fc1d,ed06cc9b661cbaec5dc1ef3f727b2c8437fc7b00
cbdf3ad1d058afea8b754567338285948e24e1a4,566398d0cf29a17c706b83127f80c55d4aadc2f6
4bfdcbca0d83fd5de056646885ea01b3db08581c,fcd94e71334925f15e9c2c4b5f8bc584a480eaa1
7f0df21fab8c0c3ae32b1ab0079831c704921371,326b703c01912180ef5d2e9043e61d038c8b79f5
a2bcaf3db58896b200e1aa37cb86bacbe382a03c,8eaea10edfdf59e5b0af386e7184d86efe3a3260
19e9991d15ccbca375abd0fa969e192a8aae21ac,453549934e39fd2b601653fb49c007c804e225e3
f645f62c5a0255b29c4086c61fb23784cf5200d5,7a095dfe9ab760295124cf97c33e816cbc564fef
0d1cbbeac9ca5cf4c5f7dde9be089fed6dd6d822,a1b747c832591e4200dff7d6c2fbbf5a91b57d5f
304f44b2ba162c1c073579f55ed545d9164ab04f,83dc139efbf983ca647f275aad26aa9670b605c1
3dc7ea431eec82ceb522ac4fbcfc8c7ab2fc1b26,dd6565fe0f2f7608c9309bb2eecec0e5d51af59e
bf1bfb0ff383df8ece855a76856402bce0982f7c,a2b5f3895978cd80973af98f14f6360bc1250e58
1a1c9f03fbfdca8f1df7a329b617f96d61263b4c,e6cf63e777237ea9fc65f6b2047a2dd1ab94e6d2
f34e31ffaa4cde70c86b8c79d3d94aba7c70c1ac,7cb1c85ea2fd52889c186b767bd54f2abcb7c3e7
3551497898947c995977402f3b59a045b5d327c7,260a396e192f94a3057c631c65944ddcb3e8b1fc
29d9307649c2ef8c63a3ff4d34a1171b54af6cea,340e6a356450573aea85511ea7cb6fe32ff6e38f
9900430933b58c562636e0da55adfaa282c9f16c,1de96b679564aef88ecf0968630ce9d1d9202586
a8699a8e26ce54aaf60a77abf716fe564b1ddfc8,bbefef5f6189957edf9ae8203d4ca53486183f15
fd8ae60c89e148217aa83ee65f932e2c6789dd54,77b76822852344ed0d05b9fbca80e7e248b19332
ac9f11edc42c0953b5204073201621bccf90fd68,5e4053548c9a4a43ce3711c3dda5338a4e1b50b0
0d3c9f0dac28898e6d4c0a5fec3d44071ab91ec1,e3b400612a84b96679aebbd6a5ad38ca58281ca4
b88b6757e85601ce3e5d26982535218f26cf7f9d,cf815a6bd270042d339163124d1fe7b2ad032034
a4664bae119603d3a36a7668132ef17d43f2852d,25c993b5f1d02f0f722daba809fef6b84a650294
65107232abef3e460ceef86d749685746d961677,43dc71ae8708d820a5eb9bc8047bb1d01cb9eabb
4a6694e49054eac91bad8d0e185b745bfab5e295,b14c2fcee70a14bcd63c3773070d4cb1d66ff499
bd9f9a36414a44fc931add5a5235b6fb2b4b8844,57924c9c5ec44b29668ff124bcc4e860f9f34db4
a03160e0c344898556e6a15ee2964aac892fbc81,bb018b4d1e4eb2333927f2bc6c6734dc6d558b9e
2519218e56193a82fbe0095e3fc2ebd954798635,ac46a254e5ab98a5c054a1833741c41d14dd9294
ac6545b1e84c5037578c8c4e98dbafaae63535fa,b52bc70962fbe4dd18fd07cddd733c085be411ad
b908b1f0c66093570eb2274926494603f755f76c,fc8cd79f28f924b45c9e99d3dc794bb9b7767883
269c4dada061bee7d17369dd49e46243b58845c4,a5afc6bcbcb5587f83116821ddef9971ed2388f9
b0718d158f8b1a8fe54f049eeed1e32ddc313d64,33b276705ab6088a5f00aca0bdf03b32a302d60a
b5028132ae07e976800a261f5811fdadfb05c7fc,747b0554396d3de66d8f47cfaf328dc35aff0a9b
97562fff69013a3381a32d5dd041066d84f8170b,55420b6a4525cef022b46053109ca1709c2fb376
1700f2401c743da9c9cfc520ada1d2dee97a2725,0321b10d2bce52f47dac5f9400024d9e1e4e3752
4c3899a2e677337bf11fe46c2aca6d55313c45d0,f97b3c4fab6281f4e01542662b408588ba4ed6f4
4888ca7021eb94687508137ac1fc81378f94406d,27ec15e1d6c7551508210b410ca85e6add716a90
d3a987fd6d5107a7438bc28a5fd2740606b25a8e,305d721b959f9db697e95dbc2f1c1b54aee70b01
710a122a95660a0281a51daa7749bc84ce5b9dfa,709f9bdd2e0e4c2375b0d58ee2b6367efbfe8bb0
8d746a16ecd55c894637c8af11e15192365700da,45e8e1571ebbed0c8cd1bf3e452d95b6a526be49
96c6b3d60b3fb51e57f2da09e553e1da3ab3efa8,f9105cf431ca076ae229758a280b85be5c955d29
bd54a6b98c04f25500f9bbc02fd9eeb6181c6638,f7f00dc466650a54ed4a0b8d71424acb2411c33d
c26531815ec45230b8fd2b515d98b74bab16a29d,26211199a7f2f5a2b879645e3e9d61503db5f733
324035eebe922a5eb1ea38a3f4e855548a196527,99fe20baf01a7811dbdc8b8709497924d0a7ba9c
a5e3fe33dae566d0e10ea75389ca43c3b5f28ebc,afc75873711fcef01ff98ed1fda8a034354a2237
b676b1704a9d93cb7087fa78fad2dc1fcd9b8fdb,523eb1179a198712ed2547d9b90c097ecb31be76
bc015377078be6db5973dfaf4a7e5f46ad96aef0,a9953db37999a695f8be00cbb03269be9bb52f16
33aa26a5c131fcafb070ae52e56c39effc34d298,b966a527748b091985cb8777c3cf9457620f7e82
0f15743c821515d11561dd1cb924b4edafd2abbf,cfbebabdf48a856c54410d28d4b718b1711d4bab
560a3edd5b3f3d2072ba50c7c24632f7f4ba0e92,dec03696ee837fa7c7b59d61090e7b67bd9a3988
7b34a9f0f21e3c8bcb2d97548f66f2a7eba17b33,85874c6087662c758438dfb00da3793c10ddd7cf
1aaebb7cae1c94fc83e97cda2420f5a1eb5f9833,b218d8109f5763b27ad1eb35480b23950bcbfb89
519c11f0b7bb595a79b24319767a18d63079ad41,2040f72a78cde52903af9ee8cb94edc0b5d5e0e3
e76af3d5e35cfa49804dfd2191d5eea8a52b2a00,1c072b4ca4645db5a45f702ede56d41f95ae3942
f6de5abb892f33539e22183a033488e10d9aea92,381c735ca28b10bce876e68ade511362657179c8
f9263680af9c51126682caf9c09a775ef849b725,1035f1ccc19d2f04a47952249a9165a29d223c97
18e0820d38bd68f814e6a76120e18e4e01511ee7,19d9a9ff90f67743010a858bce05362eff450b8c
4ddb21c05d3401ce0130cca7b218655e1a4c214b,4dc7546df1d06cc73862c35e656836108355bb8b
c31cf1f714e00ca62e5781aee4e8825f077fdbf9,61b2bcad79fd1d33105e4ee3294cd879f4173720
09c89cb6a36f46fcffe5136789969464047a3016,617b1fbc05305ed6a795771e86f41ec45071fee9
dfc442064fa22c71ab3e6aa1f94216ee6da52fbc,9600c5e8641f23fcfb341e535ddc3e96f29e55da
dc754fb7005c3fa6f50d25f372fbfc35959374bc,6f3dafbef54eea1648627c52ea0631ce448853e9
52244923a3dd3ff2986e5bd6a0aaff2365c8f54c,9b169979f77afeb65b02dcfb01b77123b3a82358
4ee550de442d284492b8b9f5de518959d66378ab,546c8ea83df0e36b28d2b8491c308e98d8e8dd9f
1290385ff5c7ca84ea50167f1019496ebe651606,adf741c3be2773a919d98b040b92caae9b6dbaa1
01f67a18b60bea49676f1a1be215c4934992b018,61314b085465595ec200ec44215bfdc79c778fd3
6ac27dbb17bb829ee41fd1650b21031ac6e41a58,80d2a6049c85a0236130188b56af274f000fbe72
8228069ff031fd99905d8c590e881116db3c803c,98afc4e93a656538447eecbffba467df341256e1
3955f3f2f29c30116c6247ad37383476f9624cd2,4b6f7302968591d2eb8b49ca34dd76d91076c5ac
4dd8508556e88684a4e7a602389f340e96459f5a,e3b3ec135cc05e0ae05d7530f7b3935d8ee78955
40a2c1e9f7309923b3f44c20e13390976faf7921,f739c6a33b7838c8b9d0c03cbefcf641451716c9
64884ba6106a6c08b1ae7f4279f55944b59436b6,8a115cba8c4f4148d74944700ec5711fd20c792e
eae7d4ee81a74fe5efb2731c21e35e6ad76437c6,fdc525c574e02a156179eed1ba54965a022e6378
a1f123beb1a9283ed1bb3ab6d860dfb1036664c5,8cf152a1f97b4a5ce119f9b1549b7808a5ece833
621bc1eb0dfe806b6d5ffe1a5bbb06ea4879275d,56bd705ca389136463205d6f41a58f1e98974cb9
7d27c50d23c9bb74b8cef62649afe0948f69b697,0079457c55aa5557af46a2f8e96bfca4cd0ac9c0
85a71b6bc59dba5fdede02a6613633aba1037e48,e2ceba1a5f0b91ff9e4654373af65274d3e34046
9241e5751cfef16d080d8b2a66f0cbd311bdfd47,26b399dcb5a494f145e2a8c1f54233b4f2edc1af
037410b11325776bb32b9818497bb15bb9553bdb,b27fe6bad300815ca9d92dfb50e76938d0100dab
1b844d271e7d664d019ab97fac29a475fc9ac18a,847fca52f49632354e00a7c9f457bfa0f23c87ec
38cee9b28444941f1c5abc6b47908bcdc76d648a,4cea7c02d41f00f26229b1c93910ff8b3b7a32bb
ebe0b4d49db92c01c3af71d45792cabe47c6c833,564bea6d153f2ffd44dd6046a82b6db648cae783
3d7b94d24345e4c9d1dab028194e8b94e50291a8,66307658e273f3eeb01a097c759689c14bfdb85f
af86ea4bf0dd1d247504298c8b749c5cc7f348f0,7de14ce632c459cdc2f7ad51c41c9617357ce0f5
6a7e70c5a1d1390bb137766e988831047cbf578b,e36e06e73c63b95c7b37e76e7e04f461ed85cc5c
0231cf7ff80d70133331324942083dc05532ad8b,a103d7ef54bfcd5d2124ed7cb27919d7b2a2e666
0833a3f16e1483b9f4424ca47fd5cdc88e4f2ff3,bb7716ab079820fae5cce12ae96ed3f28dc6b112
40422ce110b4a2347d63a5f271aa8ddde8fb0360,a20b051a520ee868f3b29d9d6bf0346e18709daa
42a0ec1403e3252da9340ed147b04e1a5c9587c0,312fe07cf59e0811b1174de6dbf8cabe09a47ffc
606c7c3d4f23215bf4deeb34ca44d29a9812e79f,aea470b1779e2eb1ae470a5e276b4abbdfd061af
8c2b8d4f484b199f0c102f8ca94bda371b5aeddc,18398c26362b341275123fe3448fa55407ca33b5
be177f04b4562d5c49370496b6115f1b80a070e5,1059b42c76beecfffad081c5551a9dc0687857d7
2786fa677d95480dc61123001cda7b49ddf60de8,3865d5b43d4addf7f1a8f230a54e585bad185c9b
0f3c71fd6fa766e9b8b7855f0001f99422fb5d57,57ca97ae94767b5b9784e345f900f6e25139991a
1f0c18ea7efb7a0a536edb44c2429cc9303df09c,ace970e552f793f6a6faa5ea57b374e156808604
18d54a5cfaefaca2b5921bf7220f6858ed0cea2b,c732a63f1ab5c5e238de45b5fa918964ca508c1f
41915922a414ea527277316b73857bbde25b61b0,00a1a35b0885ae261b7780680bf0530dfd42b498
79f1c62ad04d87c2fe639d2d7cdbcf698baeb8d9,6844f29c6243410870613e956694df3d6398f670
59e371adb8f18b0d5432527a0f680062ce2f082b,3170dc8ccf7fcd3a0c2b9eee426e770300b53c13
b5ae344214316079e627fbf3024a813f0edc5598,e53db63b67cd4114f31c51940de5048cb4971724
4952995fc44b1242bf577d9bb9540ed9aaa5d378,8c38b440b822a153db6824cd3a3d514e17d552bc
1dc90813b517466971d70b591620b9d93ea75726,48ca7c755ef1f92015e890ec33bd3ebf6d0b9068
7e7c3ec9610c8252b017d79c4aacb02aba13a1a1,da424083c6a5fa15a58d6f21c12679aaf90b9f96
4c098ef7d1197fe412df64b1935c21d9c4537373,1fb009373ea41c5573bfa30eaa49e76463e90340
1375a8e1230b7b6e8697250ae6aa30ab3ea691e0,e3b9beb0050299edd6d60b178e754df8d0484989
ff11c0e08d183e03170ad939ec41c70fe947f2c4,b71445e30da2552e71a50a51bae793bbc0cb6a13
03f8d926781b34e87e23c89242bcd704ea6bb9d9,083565f1937f1d039c17c8ac81037d174e89036b
753e04bcb04f6f4ab357f84878b686ee52c284ef,d0fb8cc70fe48e91b116866b7d1285352a9b4137
07a2868937b958d1e990f012700b6a4a4bf356e8,8015c70d67b11d859ea0ae7c2b58bedd72f48f50
fb24c2139e873dae9890543b49d5bbab2f6a8b38,1ecce96584d82927c952bd433ac25511cfcf48bc
702769e72dbd7c1bba2d4ea67fb1d6091627bad5,69eaab1d253f09814be34152b5623f9723d65868
8b64d451f4637385fa883ee9c7e75f0fb188b8be,8c928d68011229a2e5e61fc7fb408a96889e37a0
50d3266f28734ea55ac58a1be1da2ff1725142cd,5962217faf85a8bc4d25533124f4239f452478d2
aab69368a94cea9bdc2338721cdb62939e54ba23,d80f3ab04fb55fb682a3aa5d3f5dfc2aa1f83fb0
cd1a9b4cac4f824ee945a213241417fdbde84447,a5d0bad08347c5a729b2f22c80da7f6e4ca4c75a
b2410d6763b0f8c5aaba0cd2a0502b4553a089b8,5dae4c2c3c96d4300f2f576e3ba38b7ef3f35f07
5092d850664e61fe8c45313cfe1f9aef7f1dffbb,a38ed0a5eb14a03e3fc8a0fa2ccf40d05da525dc
4538aaef466c4c6b590161a98ef67320f4b44bbe,69c2ac0965e6713700dc2cfcf0b31ea9ef4a5268
0356a58a76dd045f811e5a4446de5527eb76d092,fe983e279e5976c758ba2230ec9c5b373f586ea4
306e87bb5cf1725d9c48ab3bde19ce6c95b711ee,1c8b9de8f2560f3c85feb6717bea5847a9caa30c
a0306c4f6d7253994469695cb88b0aa813428674,25e621bfd3e0567f02edd579098d3ced3fc85dfa
e7f6621b3abf618ba8011206cdd69eeb3bb91916,44d9331862a9faadde23250a506750ec6fa9f36d
d1edbad277a94b2357e3ccb82fdda5ce7488a661,76fc6652c20d2ed2429c3628dc49b68f10941316
b6d3965d555f920d4b6a75381b30eb89893aa816,86b648f518ee255f7c41edc7289494bf34594d34
53172a4645545c220084fbd4d33a036af077f5d1,01c4fac449ceb6f13977f6312b6554797d335c00
9150f8d46c57ba7347869a0b08effaf79c3fc703,29bffd4f139c47f6983ead14c3f8c8c0e6938b8e
a965341dfc6faca152a82d8885a9fcb5a07eea2d,d3e8af86d694ffc1584a691900a3e4f3f52e3ac7
90f2cbc5ac7dd2cfbc33a4f1b06bfa2d48c24132,11968cac6b6ee82138dade64df2caea5dabe7717
c1fda152c6354012fdf6f9348bd50f324000ba09,663dee68e862a76107edcb1312c46ba873f152ef
4cf65057165045b67c74e5ad7a8ac87fef73e0e1,c19a80da75734444bba5cc175af5555c91bfc5b4
6b94aab44993b6ecbfcda5c33ebea68627f3b643,b138d98808e9019056864968580eae1cad345769
195c80536a31b424ae4d556bde81690726a5bb09,634d0c7ecbbb6046e7a7c60f71d03b8c02159a74
985899a55311bf5dd943689be4c0b1d195c24c81,cd907eacfc4a2426b2802d3a9eaaa32c92b9156e
7bd9f7d42d791fe2ae828ea4a21a5e37b2760b35,f9141a5fc6c31f9bf6ca398227a7777a7b04f9f8
f842d1d5e0d80fc4d247f1f0cd58b6bebfbc3118,0fa6c75a0ea3be977e800674f7cb6840b77768f6
3bdf6dea10a01821eb2940a38545afabf7577775,ffcdfffda7d57900f9b28683de3b1263f06b152c
518ca4f775aca7055abf9256b4363bde329d16aa,b3c580d01f4d66f43af2279ac8e1dd6bdbc3257d
95686b046ccc3f1f9710cc339e443edf84d37798,bcc5065400b88711f6160213d3f0def9fa2f7e6e
9221f962504bfef52542a98c67edb48189990025,5815c5ea2d1d3b53726344b2815f3f2d92b2245b
b656eca2043fcaebde2ab21b27b3ca5724be5ccd,b4f0bac681d26bf7606222688969179f56485447
55cab84cc1ec047185f00a2ad60cfdbf56c8a4e1,c58140a80c0d70949064ea7a77a090511b6295f5
176f0409dbb4856ca539a33a6c55ba74014744d9,952861bb75ef70ac1f936811bdd7c588c78adcc8
a2e28b3b32556192ff6ef2b589e57171c30d2269,cec52a696215b29c30226c5734d6752c5ef6b1cb
1ebcd66c67a07e60fb4725bc1a2f777857adb3ce,b0f24dfc64c2388efda9a1c609237ce34a884746
9713e6b703a1e68a1726212d72edae57ef505016,ceff9ac467bdc923bc214f315963cce029699539
77378eccfee836fc6790d15a1d908887500312c8,b6f298a96e2114aca6660a08b7e220bc4f39116c
c9508e9a68167b7f0437420b3eba39196d908a4f,cb6fa85721322a5253da9c3b4b43075418de4674
e08d986cb8b7f2343dbf7bfa16c3b91bbd078ffe,049a1a0b2a47da6685c80ebf6518c3c1d0333484
dd62d605fa2584c9a21fb32c5d91a2c9ce5fe44e,6521275b21dadad0360711a675b5a722702c9f89
797387cb0e259344573ef1fa3d0f14ae892b30b6,a8b74a2f8a73e809d425d861056859c29d483ea9
046fceb46fc1d19692f11c0fa1ed43f48dbd90af,ba17f80789f54229da4b5a5b87de1c6b124013fc
