id,expected_builder_object,xmin,ymin,xmax,ymax,source_spacing_m,status,geometry_note
overview_v2_r00_c00,Overview_r0000_c0000,399400,4112200,431400,4144200,200,configured_source_footprint_not_imported_to_unity,Detail cutouts may omit or replace geometry; individual Blender object presence is not verified.
overview_v2_r00_c01,Overview_r0000_c0160,431400,4112200,463400,4144200,200,configured_source_footprint_not_imported_to_unity,Detail cutouts may omit or replace geometry; individual Blender object presence is not verified.
overview_v2_r00_c02,Overview_r0000_c0320,463400,4112200,495400,4144200,200,configured_source_footprint_not_imported_to_unity,Detail cutouts may omit or replace geometry; individual Blender object presence is not verified.
overview_v2_r00_c03,Overview_r0000_c0480,495400,4112200,527400,4144200,200,configured_source_footprint_not_imported_to_unity,Detail cutouts may omit or replace geometry; individual Blender object presence is not verified.
overview_v2_r00_c04,Overview_r0000_c0640,527400,4112200,559400,4144200,200,configured_source_footprint_not_imported_to_unity,Detail cutouts may omit or replace geometry; individual Blender object presence is not verified.
overview_v2_r00_c05,Overview_r0000_c0800,559400,4112200,591400,4144200,200,configured_source_footprint_not_imported_to_unity,Detail cutouts may omit or replace geometry; individual Blender object presence is not verified.
overview_v2_r01_c00,Overview_r0160_c0000,399400,4080200,431400,4112200,200,configured_source_footprint_not_imported_to_unity,Detail cutouts may omit or replace geometry; individual Blender object presence is not verified.
overview_v2_r01_c01,Overview_r0160_c0160,431400,4080200,463400,4112200,200,configured_source_footprint_not_imported_to_unity,Detail cutouts may omit or replace geometry; individual Blender object presence is not verified.
overview_v2_r01_c02,Overview_r0160_c0320,463400,4080200,495400,4112200,200,configured_source_footprint_not_imported_to_unity,Detail cutouts may omit or replace geometry; individual Blender object presence is not verified.
overview_v2_r01_c03,Overview_r0160_c0480,495400,4080200,527400,4112200,200,configured_source_footprint_not_imported_to_unity,Detail cutouts may omit or replace geometry; individual Blender object presence is not verified.
overview_v2_r01_c04,Overview_r0160_c0640,527400,4080200,559400,4112200,200,configured_source_footprint_not_imported_to_unity,Detail cutouts may omit or replace geometry; individual Blender object presence is not verified.
overview_v2_r01_c05,Overview_r0160_c0800,559400,4080200,591400,4112200,200,configured_source_footprint_not_imported_to_unity,Detail cutouts may omit or replace geometry; individual Blender object presence is not verified.
overview_v2_r02_c00,Overview_r0320_c0000,399400,4048200,431400,4080200,200,configured_source_footprint_not_imported_to_unity,Detail cutouts may omit or replace geometry; individual Blender object presence is not verified.
overview_v2_r02_c01,Overview_r0320_c0160,431400,4048200,463400,4080200,200,configured_source_footprint_not_imported_to_unity,Detail cutouts may omit or replace geometry; individual Blender object presence is not verified.
overview_v2_r02_c02,Overview_r0320_c0320,463400,4048200,495400,4080200,200,configured_source_footprint_not_imported_to_unity,Detail cutouts may omit or replace geometry; individual Blender object presence is not verified.
overview_v2_r02_c03,Overview_r0320_c0480,495400,4048200,527400,4080200,200,configured_source_footprint_not_imported_to_unity,Detail cutouts may omit or replace geometry; individual Blender object presence is not verified.
overview_v2_r02_c04,Overview_r0320_c0640,527400,4048200,559400,4080200,200,configured_source_footprint_not_imported_to_unity,Detail cutouts may omit or replace geometry; individual Blender object presence is not verified.
overview_v2_r02_c05,Overview_r0320_c0800,559400,4048200,591400,4080200,200,configured_source_footprint_not_imported_to_unity,Detail cutouts may omit or replace geometry; individual Blender object presence is not verified.
overview_v2_r03_c00,Overview_r0480_c0000,399400,4016200,431400,4048200,200,configured_source_footprint_not_imported_to_unity,Detail cutouts may omit or replace geometry; individual Blender object presence is not verified.
overview_v2_r03_c01,Overview_r0480_c0160,431400,4016200,463400,4048200,200,configured_source_footprint_not_imported_to_unity,Detail cutouts may omit or replace geometry; individual Blender object presence is not verified.
overview_v2_r03_c02,Overview_r0480_c0320,463400,4016200,495400,4048200,200,configured_source_footprint_not_imported_to_unity,Detail cutouts may omit or replace geometry; individual Blender object presence is not verified.
overview_v2_r03_c03,Overview_r0480_c0480,495400,4016200,527400,4048200,200,configured_source_footprint_not_imported_to_unity,Detail cutouts may omit or replace geometry; individual Blender object presence is not verified.
overview_v2_r03_c04,Overview_r0480_c0640,527400,4016200,559400,4048200,200,configured_source_footprint_not_imported_to_unity,Detail cutouts may omit or replace geometry; individual Blender object presence is not verified.
overview_v2_r03_c05,Overview_r0480_c0800,559400,4016200,591400,4048200,200,configured_source_footprint_not_imported_to_unity,Detail cutouts may omit or replace geometry; individual Blender object presence is not verified.
overview_v2_r04_c00,Overview_r0640_c0000,399400,3984200,431400,4016200,200,configured_source_footprint_not_imported_to_unity,Detail cutouts may omit or replace geometry; individual Blender object presence is not verified.
overview_v2_r04_c01,Overview_r0640_c0160,431400,3984200,463400,4016200,200,configured_source_footprint_not_imported_to_unity,Detail cutouts may omit or replace geometry; individual Blender object presence is not verified.
overview_v2_r04_c02,Overview_r0640_c0320,463400,3984200,495400,4016200,200,configured_source_footprint_not_imported_to_unity,Detail cutouts may omit or replace geometry; individual Blender object presence is not verified.
overview_v2_r04_c03,Overview_r0640_c0480,495400,3984200,527400,4016200,200,configured_source_footprint_not_imported_to_unity,Detail cutouts may omit or replace geometry; individual Blender object presence is not verified.
overview_v2_r04_c04,Overview_r0640_c0640,527400,3984200,559400,4016200,200,configured_source_footprint_not_imported_to_unity,Detail cutouts may omit or replace geometry; individual Blender object presence is not verified.
overview_v2_r04_c05,Overview_r0640_c0800,559400,3984200,591400,4016200,200,configured_source_footprint_not_imported_to_unity,Detail cutouts may omit or replace geometry; individual Blender object presence is not verified.
overview_v2_r05_c00,Overview_r0800_c0000,399400,3952200,431400,3984200,200,configured_source_footprint_not_imported_to_unity,Detail cutouts may omit or replace geometry; individual Blender object presence is not verified.
overview_v2_r05_c01,Overview_r0800_c0160,431400,3952200,463400,3984200,200,configured_source_footprint_not_imported_to_unity,Detail cutouts may omit or replace geometry; individual Blender object presence is not verified.
overview_v2_r05_c02,Overview_r0800_c0320,463400,3952200,495400,3984200,200,configured_source_footprint_not_imported_to_unity,Detail cutouts may omit or replace geometry; individual Blender object presence is not verified.
overview_v2_r05_c03,Overview_r0800_c0480,495400,3952200,527400,3984200,200,configured_source_footprint_not_imported_to_unity,Detail cutouts may omit or replace geometry; individual Blender object presence is not verified.
overview_v2_r05_c04,Overview_r0800_c0640,527400,3952200,559400,3984200,200,configured_source_footprint_not_imported_to_unity,Detail cutouts may omit or replace geometry; individual Blender object presence is not verified.
overview_v2_r05_c05,Overview_r0800_c0800,559400,3952200,591400,3984200,200,configured_source_footprint_not_imported_to_unity,Detail cutouts may omit or replace geometry; individual Blender object presence is not verified.
overview_v2_r06_c00,Overview_r0960_c0000,399400,3920200,431400,3952200,200,configured_source_footprint_not_imported_to_unity,Detail cutouts may omit or replace geometry; individual Blender object presence is not verified.
overview_v2_r06_c01,Overview_r0960_c0160,431400,3920200,463400,3952200,200,configured_source_footprint_not_imported_to_unity,Detail cutouts may omit or replace geometry; individual Blender object presence is not verified.
overview_v2_r06_c02,Overview_r0960_c0320,463400,3920200,495400,3952200,200,configured_source_footprint_not_imported_to_unity,Detail cutouts may omit or replace geometry; individual Blender object presence is not verified.
overview_v2_r06_c03,Overview_r0960_c0480,495400,3920200,527400,3952200,200,configured_source_footprint_not_imported_to_unity,Detail cutouts may omit or replace geometry; individual Blender object presence is not verified.
overview_v2_r06_c04,Overview_r0960_c0640,527400,3920200,559400,3952200,200,configured_source_footprint_not_imported_to_unity,Detail cutouts may omit or replace geometry; individual Blender object presence is not verified.
overview_v2_r06_c05,Overview_r0960_c0800,559400,3920200,591400,3952200,200,configured_source_footprint_not_imported_to_unity,Detail cutouts may omit or replace geometry; individual Blender object presence is not verified.
