legacy_id,geographic_key,quarter,xmin,ymin,xmax,ymax,source_spacing_m,source_samples,render_samples,height_source,color_source,integrity
r00_c00,epsg26911/e520400/n4010040/size256,NW,520400,4010040,520656,4010296,2,129,257,Assets/_Project/Art/Terrain/BadwaterFourSlices/Source/Heights/r00_c00.bytes,Assets/_Project/Art/Terrain/BadwaterFourSlices/Source/Colors/r00_c00.png,hash_verified
r00_c01,epsg26911/e520656/n4010040/size256,NW,520656,4010040,520912,4010296,2,129,257,Assets/_Project/Art/Terrain/BadwaterFourSlices/Source/Heights/r00_c01.bytes,Assets/_Project/Art/Terrain/BadwaterFourSlices/Source/Colors/r00_c01.png,hash_verified
r00_c02,epsg26911/e520912/n4010040/size256,NW,520912,4010040,521168,4010296,2,129,257,Assets/_Project/Art/Terrain/BadwaterFourSlices/Source/Heights/r00_c02.bytes,Assets/_Project/Art/Terrain/BadwaterFourSlices/Source/Colors/r00_c02.png,hash_verified
r00_c03,epsg26911/e521168/n4010040/size256,NW,521168,4010040,521424,4010296,2,129,257,Assets/_Project/Art/Terrain/BadwaterFourSlices/Source/Heights/r00_c03.bytes,Assets/_Project/Art/Terrain/BadwaterFourSlices/Source/Colors/r00_c03.png,hash_verified
r00_c04,epsg26911/e521424/n4010040/size256,NW,521424,4010040,521680,4010296,2,129,257,Assets/_Project/Art/Terrain/BadwaterFourSlices/Source/Heights/r00_c04.bytes,Assets/_Project/Art/Terrain/BadwaterFourSlices/Source/Colors/r00_c04.png,hash_verified
r00_c05,epsg26911/e521680/n4010040/size256,NW,521680,4010040,521936,4010296,2,129,257,Assets/_Project/Art/Terrain/BadwaterFourSlices/Source/Heights/r00_c05.bytes,Assets/_Project/Art/Terrain/BadwaterFourSlices/Source/Colors/r00_c05.png,hash_verified
r00_c06,epsg26911/e521936/n4010040/size256,NW,521936,4010040,522192,4010296,2,129,257,Assets/_Project/Art/Terrain/BadwaterFourSlices/Source/Heights/r00_c06.bytes,Assets/_Project/Art/Terrain/BadwaterFourSlices/Source/Colors/r00_c06.png,hash_verified
r00_c07,epsg26911/e522192/n4010040/size256,NW,522192,4010040,522448,4010296,2,129,257,Assets/_Project/Art/Terrain/BadwaterFourSlices/Source/Heights/r00_c07.bytes,Assets/_Project/Art/Terrain/BadwaterFourSlices/Source/Colors/r00_c07.png,hash_verified
r00_c08,epsg26911/e522448/n4010040/size256,NE,522448,4010040,522704,4010296,2,129,257,Assets/_Project/Art/Terrain/BadwaterFourSlices/Source/Heights/r00_c08.bytes,Assets/_Project/Art/Terrain/BadwaterFourSlices/Source/Colors/r00_c08.png,hash_verified
r00_c09,epsg26911/e522704/n4010040/size256,NE,522704,4010040,522960,4010296,2,129,257,Assets/_Project/Art/Terrain/BadwaterFourSlices/Source/Heights/r00_c09.bytes,Assets/_Project/Art/Terrain/BadwaterFourSlices/Source/Colors/r00_c09.png,hash_verified
r00_c10,epsg26911/e522960/n4010040/size256,NE,522960,4010040,523216,4010296,2,129,257,Assets/_Project/Art/Terrain/BadwaterFourSlices/Source/Heights/r00_c10.bytes,Assets/_Project/Art/Terrain/BadwaterFourSlices/Source/Colors/r00_c10.png,hash_verified
r00_c11,epsg26911/e523216/n4010040/size256,NE,523216,4010040,523472,4010296,2,129,257,Assets/_Project/Art/Terrain/BadwaterFourSlices/Source/Heights/r00_c11.bytes,Assets/_Project/Art/Terrain/BadwaterFourSlices/Source/Colors/r00_c11.png,hash_verified
r00_c12,epsg26911/e523472/n4010040/size256,NE,523472,4010040,523728,4010296,2,129,257,Assets/_Project/Art/Terrain/BadwaterFourSlices/Source/Heights/r00_c12.bytes,Assets/_Project/Art/Terrain/BadwaterFourSlices/Source/Colors/r00_c12.png,hash_verified
r00_c13,epsg26911/e523728/n4010040/size256,NE,523728,4010040,523984,4010296,2,129,257,Assets/_Project/Art/Terrain/BadwaterFourSlices/Source/Heights/r00_c13.bytes,Assets/_Project/Art/Terrain/BadwaterFourSlices/Source/Colors/r00_c13.png,hash_verified
r00_c14,epsg26911/e523984/n4010040/size256,NE,523984,4010040,524240,4010296,2,129,257,Assets/_Project/Art/Terrain/BadwaterFourSlices/Source/Heights/r00_c14.bytes,Assets/_Project/Art/Terrain/BadwaterFourSlices/Source/Colors/r00_c14.png,hash_verified
r00_c15,epsg26911/e524240/n4010040/size256,NE,524240,4010040,524496,4010296,2,129,257,Assets/_Project/Art/Terrain/BadwaterFourSlices/Source/Heights/r00_c15.bytes,Assets/_Project/Art/Terrain/BadwaterFourSlices/Source/Colors/r00_c15.png,hash_verified
r01_c00,epsg26911/e520400/n4009784/size256,NW,520400,4009784,520656,4010040,2,129,257,Assets/_Project/Art/Terrain/BadwaterFourSlices/Source/Heights/r01_c00.bytes,Assets/_Project/Art/Terrain/BadwaterFourSlices/Source/Colors/r01_c00.png,hash_verified
r01_c01,epsg26911/e520656/n4009784/size256,NW,520656,4009784,520912,4010040,2,129,257,Assets/_Project/Art/Terrain/BadwaterFourSlices/Source/Heights/r01_c01.bytes,Assets/_Project/Art/Terrain/BadwaterFourSlices/Source/Colors/r01_c01.png,hash_verified
r01_c02,epsg26911/e520912/n4009784/size256,NW,520912,4009784,521168,4010040,2,129,257,Assets/_Project/Art/Terrain/BadwaterFourSlices/Source/Heights/r01_c02.bytes,Assets/_Project/Art/Terrain/BadwaterFourSlices/Source/Colors/r01_c02.png,hash_verified
r01_c03,epsg26911/e521168/n4009784/size256,NW,521168,4009784,521424,4010040,2,129,257,Assets/_Project/Art/Terrain/BadwaterFourSlices/Source/Heights/r01_c03.bytes,Assets/_Project/Art/Terrain/BadwaterFourSlices/Source/Colors/r01_c03.png,hash_verified
r01_c04,epsg26911/e521424/n4009784/size256,NW,521424,4009784,521680,4010040,2,129,257,Assets/_Project/Art/Terrain/BadwaterFourSlices/Source/Heights/r01_c04.bytes,Assets/_Project/Art/Terrain/BadwaterFourSlices/Source/Colors/r01_c04.png,hash_verified
r01_c05,epsg26911/e521680/n4009784/size256,NW,521680,4009784,521936,4010040,2,129,257,Assets/_Project/Art/Terrain/BadwaterFourSlices/Source/Heights/r01_c05.bytes,Assets/_Project/Art/Terrain/BadwaterFourSlices/Source/Colors/r01_c05.png,hash_verified
r01_c06,epsg26911/e521936/n4009784/size256,NW,521936,4009784,522192,4010040,2,129,257,Assets/_Project/Art/Terrain/BadwaterFourSlices/Source/Heights/r01_c06.bytes,Assets/_Project/Art/Terrain/BadwaterFourSlices/Source/Colors/r01_c06.png,hash_verified
r01_c07,epsg26911/e522192/n4009784/size256,NW,522192,4009784,522448,4010040,2,129,257,Assets/_Project/Art/Terrain/BadwaterFourSlices/Source/Heights/r01_c07.bytes,Assets/_Project/Art/Terrain/BadwaterFourSlices/Source/Colors/r01_c07.png,hash_verified
r01_c08,epsg26911/e522448/n4009784/size256,NE,522448,4009784,522704,4010040,2,129,257,Assets/_Project/Art/Terrain/BadwaterFourSlices/Source/Heights/r01_c08.bytes,Assets/_Project/Art/Terrain/BadwaterFourSlices/Source/Colors/r01_c08.png,hash_verified
r01_c09,epsg26911/e522704/n4009784/size256,NE,522704,4009784,522960,4010040,2,129,257,Assets/_Project/Art/Terrain/BadwaterFourSlices/Source/Heights/r01_c09.bytes,Assets/_Project/Art/Terrain/BadwaterFourSlices/Source/Colors/r01_c09.png,hash_verified
r01_c10,epsg26911/e522960/n4009784/size256,NE,522960,4009784,523216,4010040,2,129,257,Assets/_Project/Art/Terrain/BadwaterFourSlices/Source/Heights/r01_c10.bytes,Assets/_Project/Art/Terrain/BadwaterFourSlices/Source/Colors/r01_c10.png,hash_verified
r01_c11,epsg26911/e523216/n4009784/size256,NE,523216,4009784,523472,4010040,2,129,257,Assets/_Project/Art/Terrain/BadwaterFourSlices/Source/Heights/r01_c11.bytes,Assets/_Project/Art/Terrain/BadwaterFourSlices/Source/Colors/r01_c11.png,hash_verified
r01_c12,epsg26911/e523472/n4009784/size256,NE,523472,4009784,523728,4010040,2,129,257,Assets/_Project/Art/Terrain/BadwaterFourSlices/Source/Heights/r01_c12.bytes,Assets/_Project/Art/Terrain/BadwaterFourSlices/Source/Colors/r01_c12.png,hash_verified
r01_c13,epsg26911/e523728/n4009784/size256,NE,523728,4009784,523984,4010040,2,129,257,Assets/_Project/Art/Terrain/BadwaterFourSlices/Source/Heights/r01_c13.bytes,Assets/_Project/Art/Terrain/BadwaterFourSlices/Source/Colors/r01_c13.png,hash_verified
r01_c14,epsg26911/e523984/n4009784/size256,NE,523984,4009784,524240,4010040,2,129,257,Assets/_Project/Art/Terrain/BadwaterFourSlices/Source/Heights/r01_c14.bytes,Assets/_Project/Art/Terrain/BadwaterFourSlices/Source/Colors/r01_c14.png,hash_verified
r01_c15,epsg26911/e524240/n4009784/size256,NE,524240,4009784,524496,4010040,2,129,257,Assets/_Project/Art/Terrain/BadwaterFourSlices/Source/Heights/r01_c15.bytes,Assets/_Project/Art/Terrain/BadwaterFourSlices/Source/Colors/r01_c15.png,hash_verified
r02_c00,epsg26911/e520400/n4009528/size256,NW,520400,4009528,520656,4009784,2,129,257,Assets/_Project/Art/Terrain/BadwaterFourSlices/Source/Heights/r02_c00.bytes,Assets/_Project/Art/Terrain/BadwaterFourSlices/Source/Colors/r02_c00.png,hash_verified
r02_c01,epsg26911/e520656/n4009528/size256,NW,520656,4009528,520912,4009784,2,129,257,Assets/_Project/Art/Terrain/BadwaterFourSlices/Source/Heights/r02_c01.bytes,Assets/_Project/Art/Terrain/BadwaterFourSlices/Source/Colors/r02_c01.png,hash_verified
r02_c02,epsg26911/e520912/n4009528/size256,NW,520912,4009528,521168,4009784,2,129,257,Assets/_Project/Art/Terrain/BadwaterFourSlices/Source/Heights/r02_c02.bytes,Assets/_Project/Art/Terrain/BadwaterFourSlices/Source/Colors/r02_c02.png,hash_verified
r02_c03,epsg26911/e521168/n4009528/size256,NW,521168,4009528,521424,4009784,2,129,257,Assets/_Project/Art/Terrain/BadwaterFourSlices/Source/Heights/r02_c03.bytes,Assets/_Project/Art/Terrain/BadwaterFourSlices/Source/Colors/r02_c03.png,hash_verified
r02_c04,epsg26911/e521424/n4009528/size256,NW,521424,4009528,521680,4009784,2,129,257,Assets/_Project/Art/Terrain/BadwaterFourSlices/Source/Heights/r02_c04.bytes,Assets/_Project/Art/Terrain/BadwaterFourSlices/Source/Colors/r02_c04.png,hash_verified
r02_c05,epsg26911/e521680/n4009528/size256,NW,521680,4009528,521936,4009784,2,129,257,Assets/_Project/Art/Terrain/BadwaterFourSlices/Source/Heights/r02_c05.bytes,Assets/_Project/Art/Terrain/BadwaterFourSlices/Source/Colors/r02_c05.png,hash_verified
r02_c06,epsg26911/e521936/n4009528/size256,NW,521936,4009528,522192,4009784,2,129,257,Assets/_Project/Art/Terrain/BadwaterFourSlices/Source/Heights/r02_c06.bytes,Assets/_Project/Art/Terrain/BadwaterFourSlices/Source/Colors/r02_c06.png,hash_verified
r02_c07,epsg26911/e522192/n4009528/size256,NW,522192,4009528,522448,4009784,2,129,257,Assets/_Project/Art/Terrain/BadwaterFourSlices/Source/Heights/r02_c07.bytes,Assets/_Project/Art/Terrain/BadwaterFourSlices/Source/Colors/r02_c07.png,hash_verified
r02_c08,epsg26911/e522448/n4009528/size256,NE,522448,4009528,522704,4009784,2,129,257,Assets/_Project/Art/Terrain/BadwaterFourSlices/Source/Heights/r02_c08.bytes,Assets/_Project/Art/Terrain/BadwaterFourSlices/Source/Colors/r02_c08.png,hash_verified
r02_c09,epsg26911/e522704/n4009528/size256,NE,522704,4009528,522960,4009784,2,129,257,Assets/_Project/Art/Terrain/BadwaterFourSlices/Source/Heights/r02_c09.bytes,Assets/_Project/Art/Terrain/BadwaterFourSlices/Source/Colors/r02_c09.png,hash_verified
r02_c10,epsg26911/e522960/n4009528/size256,NE,522960,4009528,523216,4009784,2,129,257,Assets/_Project/Art/Terrain/BadwaterFourSlices/Source/Heights/r02_c10.bytes,Assets/_Project/Art/Terrain/BadwaterFourSlices/Source/Colors/r02_c10.png,hash_verified
r02_c11,epsg26911/e523216/n4009528/size256,NE,523216,4009528,523472,4009784,2,129,257,Assets/_Project/Art/Terrain/BadwaterFourSlices/Source/Heights/r02_c11.bytes,Assets/_Project/Art/Terrain/BadwaterFourSlices/Source/Colors/r02_c11.png,hash_verified
r02_c12,epsg26911/e523472/n4009528/size256,NE,523472,4009528,523728,4009784,2,129,257,Assets/_Project/Art/Terrain/BadwaterFourSlices/Source/Heights/r02_c12.bytes,Assets/_Project/Art/Terrain/BadwaterFourSlices/Source/Colors/r02_c12.png,hash_verified
r02_c13,epsg26911/e523728/n4009528/size256,NE,523728,4009528,523984,4009784,2,129,257,Assets/_Project/Art/Terrain/BadwaterFourSlices/Source/Heights/r02_c13.bytes,Assets/_Project/Art/Terrain/BadwaterFourSlices/Source/Colors/r02_c13.png,hash_verified
r02_c14,epsg26911/e523984/n4009528/size256,NE,523984,4009528,524240,4009784,2,129,257,Assets/_Project/Art/Terrain/BadwaterFourSlices/Source/Heights/r02_c14.bytes,Assets/_Project/Art/Terrain/BadwaterFourSlices/Source/Colors/r02_c14.png,hash_verified
r02_c15,epsg26911/e524240/n4009528/size256,NE,524240,4009528,524496,4009784,2,129,257,Assets/_Project/Art/Terrain/BadwaterFourSlices/Source/Heights/r02_c15.bytes,Assets/_Project/Art/Terrain/BadwaterFourSlices/Source/Colors/r02_c15.png,hash_verified
r03_c00,epsg26911/e520400/n4009272/size256,NW,520400,4009272,520656,4009528,2,129,257,Assets/_Project/Art/Terrain/BadwaterFourSlices/Source/Heights/r03_c00.bytes,Assets/_Project/Art/Terrain/BadwaterFourSlices/Source/Colors/r03_c00.png,hash_verified
r03_c01,epsg26911/e520656/n4009272/size256,NW,520656,4009272,520912,4009528,2,129,257,Assets/_Project/Art/Terrain/BadwaterFourSlices/Source/Heights/r03_c01.bytes,Assets/_Project/Art/Terrain/BadwaterFourSlices/Source/Colors/r03_c01.png,hash_verified
r03_c02,epsg26911/e520912/n4009272/size256,NW,520912,4009272,521168,4009528,2,129,257,Assets/_Project/Art/Terrain/BadwaterFourSlices/Source/Heights/r03_c02.bytes,Assets/_Project/Art/Terrain/BadwaterFourSlices/Source/Colors/r03_c02.png,hash_verified
r03_c03,epsg26911/e521168/n4009272/size256,NW,521168,4009272,521424,4009528,2,129,257,Assets/_Project/Art/Terrain/BadwaterFourSlices/Source/Heights/r03_c03.bytes,Assets/_Project/Art/Terrain/BadwaterFourSlices/Source/Colors/r03_c03.png,hash_verified
r03_c04,epsg26911/e521424/n4009272/size256,NW,521424,4009272,521680,4009528,2,129,257,Assets/_Project/Art/Terrain/BadwaterFourSlices/Source/Heights/r03_c04.bytes,Assets/_Project/Art/Terrain/BadwaterFourSlices/Source/Colors/r03_c04.png,hash_verified
r03_c05,epsg26911/e521680/n4009272/size256,NW,521680,4009272,521936,4009528,2,129,257,Assets/_Project/Art/Terrain/BadwaterFourSlices/Source/Heights/r03_c05.bytes,Assets/_Project/Art/Terrain/BadwaterFourSlices/Source/Colors/r03_c05.png,hash_verified
r03_c06,epsg26911/e521936/n4009272/size256,NW,521936,4009272,522192,4009528,2,129,257,Assets/_Project/Art/Terrain/BadwaterFourSlices/Source/Heights/r03_c06.bytes,Assets/_Project/Art/Terrain/BadwaterFourSlices/Source/Colors/r03_c06.png,hash_verified
r03_c07,epsg26911/e522192/n4009272/size256,NW,522192,4009272,522448,4009528,2,129,257,Assets/_Project/Art/Terrain/BadwaterFourSlices/Source/Heights/r03_c07.bytes,Assets/_Project/Art/Terrain/BadwaterFourSlices/Source/Colors/r03_c07.png,hash_verified
r03_c08,epsg26911/e522448/n4009272/size256,NE,522448,4009272,522704,4009528,2,129,257,Assets/_Project/Art/Terrain/BadwaterFourSlices/Source/Heights/r03_c08.bytes,Assets/_Project/Art/Terrain/BadwaterFourSlices/Source/Colors/r03_c08.png,hash_verified
r03_c09,epsg26911/e522704/n4009272/size256,NE,522704,4009272,522960,4009528,2,129,257,Assets/_Project/Art/Terrain/BadwaterFourSlices/Source/Heights/r03_c09.bytes,Assets/_Project/Art/Terrain/BadwaterFourSlices/Source/Colors/r03_c09.png,hash_verified
r03_c10,epsg26911/e522960/n4009272/size256,NE,522960,4009272,523216,4009528,2,129,257,Assets/_Project/Art/Terrain/BadwaterFourSlices/Source/Heights/r03_c10.bytes,Assets/_Project/Art/Terrain/BadwaterFourSlices/Source/Colors/r03_c10.png,hash_verified
r03_c11,epsg26911/e523216/n4009272/size256,NE,523216,4009272,523472,4009528,2,129,257,Assets/_Project/Art/Terrain/BadwaterFourSlices/Source/Heights/r03_c11.bytes,Assets/_Project/Art/Terrain/BadwaterFourSlices/Source/Colors/r03_c11.png,hash_verified
r03_c12,epsg26911/e523472/n4009272/size256,NE,523472,4009272,523728,4009528,2,129,257,Assets/_Project/Art/Terrain/BadwaterFourSlices/Source/Heights/r03_c12.bytes,Assets/_Project/Art/Terrain/BadwaterFourSlices/Source/Colors/r03_c12.png,hash_verified
r03_c13,epsg26911/e523728/n4009272/size256,NE,523728,4009272,523984,4009528,2,129,257,Assets/_Project/Art/Terrain/BadwaterFourSlices/Source/Heights/r03_c13.bytes,Assets/_Project/Art/Terrain/BadwaterFourSlices/Source/Colors/r03_c13.png,hash_verified
r03_c14,epsg26911/e523984/n4009272/size256,NE,523984,4009272,524240,4009528,2,129,257,Assets/_Project/Art/Terrain/BadwaterFourSlices/Source/Heights/r03_c14.bytes,Assets/_Project/Art/Terrain/BadwaterFourSlices/Source/Colors/r03_c14.png,hash_verified
r03_c15,epsg26911/e524240/n4009272/size256,NE,524240,4009272,524496,4009528,2,129,257,Assets/_Project/Art/Terrain/BadwaterFourSlices/Source/Heights/r03_c15.bytes,Assets/_Project/Art/Terrain/BadwaterFourSlices/Source/Colors/r03_c15.png,hash_verified
r04_c00,epsg26911/e520400/n4009016/size256,NW,520400,4009016,520656,4009272,2,129,257,Assets/_Project/Art/Terrain/BadwaterFourSlices/Source/Heights/r04_c00.bytes,Assets/_Project/Art/Terrain/BadwaterFourSlices/Source/Colors/r04_c00.png,hash_verified
r04_c01,epsg26911/e520656/n4009016/size256,NW,520656,4009016,520912,4009272,2,129,257,Assets/_Project/Art/Terrain/BadwaterFourSlices/Source/Heights/r04_c01.bytes,Assets/_Project/Art/Terrain/BadwaterFourSlices/Source/Colors/r04_c01.png,hash_verified
r04_c02,epsg26911/e520912/n4009016/size256,NW,520912,4009016,521168,4009272,2,129,257,Assets/_Project/Art/Terrain/BadwaterFourSlices/Source/Heights/r04_c02.bytes,Assets/_Project/Art/Terrain/BadwaterFourSlices/Source/Colors/r04_c02.png,hash_verified
r04_c03,epsg26911/e521168/n4009016/size256,NW,521168,4009016,521424,4009272,2,129,257,Assets/_Project/Art/Terrain/BadwaterFourSlices/Source/Heights/r04_c03.bytes,Assets/_Project/Art/Terrain/BadwaterFourSlices/Source/Colors/r04_c03.png,hash_verified
r04_c04,epsg26911/e521424/n4009016/size256,NW,521424,4009016,521680,4009272,2,129,257,Assets/_Project/Art/Terrain/BadwaterFourSlices/Source/Heights/r04_c04.bytes,Assets/_Project/Art/Terrain/BadwaterFourSlices/Source/Colors/r04_c04.png,hash_verified
r04_c05,epsg26911/e521680/n4009016/size256,NW,521680,4009016,521936,4009272,2,129,257,Assets/_Project/Art/Terrain/BadwaterFourSlices/Source/Heights/r04_c05.bytes,Assets/_Project/Art/Terrain/BadwaterFourSlices/Source/Colors/r04_c05.png,hash_verified
r04_c06,epsg26911/e521936/n4009016/size256,NW,521936,4009016,522192,4009272,2,129,257,Assets/_Project/Art/Terrain/BadwaterFourSlices/Source/Heights/r04_c06.bytes,Assets/_Project/Art/Terrain/BadwaterFourSlices/Source/Colors/r04_c06.png,hash_verified
r04_c07,epsg26911/e522192/n4009016/size256,NW,522192,4009016,522448,4009272,2,129,257,Assets/_Project/Art/Terrain/BadwaterFourSlices/Source/Heights/r04_c07.bytes,Assets/_Project/Art/Terrain/BadwaterFourSlices/Source/Colors/r04_c07.png,hash_verified
r04_c08,epsg26911/e522448/n4009016/size256,NE,522448,4009016,522704,4009272,2,129,257,Assets/_Project/Art/Terrain/BadwaterFourSlices/Source/Heights/r04_c08.bytes,Assets/_Project/Art/Terrain/BadwaterFourSlices/Source/Colors/r04_c08.png,hash_verified
r04_c09,epsg26911/e522704/n4009016/size256,NE,522704,4009016,522960,4009272,2,129,257,Assets/_Project/Art/Terrain/BadwaterFourSlices/Source/Heights/r04_c09.bytes,Assets/_Project/Art/Terrain/BadwaterFourSlices/Source/Colors/r04_c09.png,hash_verified
r04_c10,epsg26911/e522960/n4009016/size256,NE,522960,4009016,523216,4009272,2,129,257,Assets/_Project/Art/Terrain/BadwaterFourSlices/Source/Heights/r04_c10.bytes,Assets/_Project/Art/Terrain/BadwaterFourSlices/Source/Colors/r04_c10.png,hash_verified
r04_c11,epsg26911/e523216/n4009016/size256,NE,523216,4009016,523472,4009272,2,129,257,Assets/_Project/Art/Terrain/BadwaterFourSlices/Source/Heights/r04_c11.bytes,Assets/_Project/Art/Terrain/BadwaterFourSlices/Source/Colors/r04_c11.png,hash_verified
r04_c12,epsg26911/e523472/n4009016/size256,NE,523472,4009016,523728,4009272,2,129,257,Assets/_Project/Art/Terrain/BadwaterFourSlices/Source/Heights/r04_c12.bytes,Assets/_Project/Art/Terrain/BadwaterFourSlices/Source/Colors/r04_c12.png,hash_verified
r04_c13,epsg26911/e523728/n4009016/size256,NE,523728,4009016,523984,4009272,2,129,257,Assets/_Project/Art/Terrain/BadwaterFourSlices/Source/Heights/r04_c13.bytes,Assets/_Project/Art/Terrain/BadwaterFourSlices/Source/Colors/r04_c13.png,hash_verified
r04_c14,epsg26911/e523984/n4009016/size256,NE,523984,4009016,524240,4009272,2,129,257,Assets/_Project/Art/Terrain/BadwaterFourSlices/Source/Heights/r04_c14.bytes,Assets/_Project/Art/Terrain/BadwaterFourSlices/Source/Colors/r04_c14.png,hash_verified
r04_c15,epsg26911/e524240/n4009016/size256,NE,524240,4009016,524496,4009272,2,129,257,Assets/_Project/Art/Terrain/BadwaterFourSlices/Source/Heights/r04_c15.bytes,Assets/_Project/Art/Terrain/BadwaterFourSlices/Source/Colors/r04_c15.png,hash_verified
r05_c00,epsg26911/e520400/n4008760/size256,NW,520400,4008760,520656,4009016,2,129,257,Assets/_Project/Art/Terrain/BadwaterFourSlices/Source/Heights/r05_c00.bytes,Assets/_Project/Art/Terrain/BadwaterFourSlices/Source/Colors/r05_c00.png,hash_verified
r05_c01,epsg26911/e520656/n4008760/size256,NW,520656,4008760,520912,4009016,2,129,257,Assets/_Project/Art/Terrain/BadwaterFourSlices/Source/Heights/r05_c01.bytes,Assets/_Project/Art/Terrain/BadwaterFourSlices/Source/Colors/r05_c01.png,hash_verified
r05_c02,epsg26911/e520912/n4008760/size256,NW,520912,4008760,521168,4009016,2,129,257,Assets/_Project/Art/Terrain/BadwaterFourSlices/Source/Heights/r05_c02.bytes,Assets/_Project/Art/Terrain/BadwaterFourSlices/Source/Colors/r05_c02.png,hash_verified
r05_c03,epsg26911/e521168/n4008760/size256,NW,521168,4008760,521424,4009016,2,129,257,Assets/_Project/Art/Terrain/BadwaterFourSlices/Source/Heights/r05_c03.bytes,Assets/_Project/Art/Terrain/BadwaterFourSlices/Source/Colors/r05_c03.png,hash_verified
r05_c04,epsg26911/e521424/n4008760/size256,NW,521424,4008760,521680,4009016,2,129,257,Assets/_Project/Art/Terrain/BadwaterFourSlices/Source/Heights/r05_c04.bytes,Assets/_Project/Art/Terrain/BadwaterFourSlices/Source/Colors/r05_c04.png,hash_verified
r05_c05,epsg26911/e521680/n4008760/size256,NW,521680,4008760,521936,4009016,2,129,257,Assets/_Project/Art/Terrain/BadwaterFourSlices/Source/Heights/r05_c05.bytes,Assets/_Project/Art/Terrain/BadwaterFourSlices/Source/Colors/r05_c05.png,hash_verified
r05_c06,epsg26911/e521936/n4008760/size256,NW,521936,4008760,522192,4009016,2,129,257,Assets/_Project/Art/Terrain/BadwaterFourSlices/Source/Heights/r05_c06.bytes,Assets/_Project/Art/Terrain/BadwaterFourSlices/Source/Colors/r05_c06.png,hash_verified
r05_c07,epsg26911/e522192/n4008760/size256,NW,522192,4008760,522448,4009016,2,129,257,Assets/_Project/Art/Terrain/BadwaterFourSlices/Source/Heights/r05_c07.bytes,Assets/_Project/Art/Terrain/BadwaterFourSlices/Source/Colors/r05_c07.png,hash_verified
r05_c08,epsg26911/e522448/n4008760/size256,NE,522448,4008760,522704,4009016,2,129,257,Assets/_Project/Art/Terrain/BadwaterFourSlices/Source/Heights/r05_c08.bytes,Assets/_Project/Art/Terrain/BadwaterFourSlices/Source/Colors/r05_c08.png,hash_verified
r05_c09,epsg26911/e522704/n4008760/size256,NE,522704,4008760,522960,4009016,2,129,257,Assets/_Project/Art/Terrain/BadwaterFourSlices/Source/Heights/r05_c09.bytes,Assets/_Project/Art/Terrain/BadwaterFourSlices/Source/Colors/r05_c09.png,hash_verified
r05_c10,epsg26911/e522960/n4008760/size256,NE,522960,4008760,523216,4009016,2,129,257,Assets/_Project/Art/Terrain/BadwaterFourSlices/Source/Heights/r05_c10.bytes,Assets/_Project/Art/Terrain/BadwaterFourSlices/Source/Colors/r05_c10.png,hash_verified
r05_c11,epsg26911/e523216/n4008760/size256,NE,523216,4008760,523472,4009016,2,129,257,Assets/_Project/Art/Terrain/BadwaterFourSlices/Source/Heights/r05_c11.bytes,Assets/_Project/Art/Terrain/BadwaterFourSlices/Source/Colors/r05_c11.png,hash_verified
r05_c12,epsg26911/e523472/n4008760/size256,NE,523472,4008760,523728,4009016,2,129,257,Assets/_Project/Art/Terrain/BadwaterFourSlices/Source/Heights/r05_c12.bytes,Assets/_Project/Art/Terrain/BadwaterFourSlices/Source/Colors/r05_c12.png,hash_verified
r05_c13,epsg26911/e523728/n4008760/size256,NE,523728,4008760,523984,4009016,2,129,257,Assets/_Project/Art/Terrain/BadwaterFourSlices/Source/Heights/r05_c13.bytes,Assets/_Project/Art/Terrain/BadwaterFourSlices/Source/Colors/r05_c13.png,hash_verified
r05_c14,epsg26911/e523984/n4008760/size256,NE,523984,4008760,524240,4009016,2,129,257,Assets/_Project/Art/Terrain/BadwaterFourSlices/Source/Heights/r05_c14.bytes,Assets/_Project/Art/Terrain/BadwaterFourSlices/Source/Colors/r05_c14.png,hash_verified
r05_c15,epsg26911/e524240/n4008760/size256,NE,524240,4008760,524496,4009016,2,129,257,Assets/_Project/Art/Terrain/BadwaterFourSlices/Source/Heights/r05_c15.bytes,Assets/_Project/Art/Terrain/BadwaterFourSlices/Source/Colors/r05_c15.png,hash_verified
r06_c00,epsg26911/e520400/n4008504/size256,NW,520400,4008504,520656,4008760,2,129,257,Assets/_Project/Art/Terrain/BadwaterFourSlices/Source/Heights/r06_c00.bytes,Assets/_Project/Art/Terrain/BadwaterFourSlices/Source/Colors/r06_c00.png,hash_verified
r06_c01,epsg26911/e520656/n4008504/size256,NW,520656,4008504,520912,4008760,2,129,257,Assets/_Project/Art/Terrain/BadwaterFourSlices/Source/Heights/r06_c01.bytes,Assets/_Project/Art/Terrain/BadwaterFourSlices/Source/Colors/r06_c01.png,hash_verified
r06_c02,epsg26911/e520912/n4008504/size256,NW,520912,4008504,521168,4008760,2,129,257,Assets/_Project/Art/Terrain/BadwaterFourSlices/Source/Heights/r06_c02.bytes,Assets/_Project/Art/Terrain/BadwaterFourSlices/Source/Colors/r06_c02.png,hash_verified
r06_c03,epsg26911/e521168/n4008504/size256,NW,521168,4008504,521424,4008760,2,129,257,Assets/_Project/Art/Terrain/BadwaterFourSlices/Source/Heights/r06_c03.bytes,Assets/_Project/Art/Terrain/BadwaterFourSlices/Source/Colors/r06_c03.png,hash_verified
r06_c04,epsg26911/e521424/n4008504/size256,NW,521424,4008504,521680,4008760,2,129,257,Assets/_Project/Art/Terrain/BadwaterFourSlices/Source/Heights/r06_c04.bytes,Assets/_Project/Art/Terrain/BadwaterFourSlices/Source/Colors/r06_c04.png,hash_verified
r06_c05,epsg26911/e521680/n4008504/size256,NW,521680,4008504,521936,4008760,2,129,257,Assets/_Project/Art/Terrain/BadwaterFourSlices/Source/Heights/r06_c05.bytes,Assets/_Project/Art/Terrain/BadwaterFourSlices/Source/Colors/r06_c05.png,hash_verified
r06_c06,epsg26911/e521936/n4008504/size256,NW,521936,4008504,522192,4008760,2,129,257,Assets/_Project/Art/Terrain/BadwaterFourSlices/Source/Heights/r06_c06.bytes,Assets/_Project/Art/Terrain/BadwaterFourSlices/Source/Colors/r06_c06.png,hash_verified
r06_c07,epsg26911/e522192/n4008504/size256,NW,522192,4008504,522448,4008760,2,129,257,Assets/_Project/Art/Terrain/BadwaterFourSlices/Source/Heights/r06_c07.bytes,Assets/_Project/Art/Terrain/BadwaterFourSlices/Source/Colors/r06_c07.png,hash_verified
r06_c08,epsg26911/e522448/n4008504/size256,NE,522448,4008504,522704,4008760,2,129,257,Assets/_Project/Art/Terrain/BadwaterFourSlices/Source/Heights/r06_c08.bytes,Assets/_Project/Art/Terrain/BadwaterFourSlices/Source/Colors/r06_c08.png,hash_verified
r06_c09,epsg26911/e522704/n4008504/size256,NE,522704,4008504,522960,4008760,2,129,257,Assets/_Project/Art/Terrain/BadwaterFourSlices/Source/Heights/r06_c09.bytes,Assets/_Project/Art/Terrain/BadwaterFourSlices/Source/Colors/r06_c09.png,hash_verified
r06_c10,epsg26911/e522960/n4008504/size256,NE,522960,4008504,523216,4008760,2,129,257,Assets/_Project/Art/Terrain/BadwaterFourSlices/Source/Heights/r06_c10.bytes,Assets/_Project/Art/Terrain/BadwaterFourSlices/Source/Colors/r06_c10.png,hash_verified
r06_c11,epsg26911/e523216/n4008504/size256,NE,523216,4008504,523472,4008760,2,129,257,Assets/_Project/Art/Terrain/BadwaterFourSlices/Source/Heights/r06_c11.bytes,Assets/_Project/Art/Terrain/BadwaterFourSlices/Source/Colors/r06_c11.png,hash_verified
r06_c12,epsg26911/e523472/n4008504/size256,NE,523472,4008504,523728,4008760,2,129,257,Assets/_Project/Art/Terrain/BadwaterFourSlices/Source/Heights/r06_c12.bytes,Assets/_Project/Art/Terrain/BadwaterFourSlices/Source/Colors/r06_c12.png,hash_verified
r06_c13,epsg26911/e523728/n4008504/size256,NE,523728,4008504,523984,4008760,2,129,257,Assets/_Project/Art/Terrain/BadwaterFourSlices/Source/Heights/r06_c13.bytes,Assets/_Project/Art/Terrain/BadwaterFourSlices/Source/Colors/r06_c13.png,hash_verified
r06_c14,epsg26911/e523984/n4008504/size256,NE,523984,4008504,524240,4008760,2,129,257,Assets/_Project/Art/Terrain/BadwaterFourSlices/Source/Heights/r06_c14.bytes,Assets/_Project/Art/Terrain/BadwaterFourSlices/Source/Colors/r06_c14.png,hash_verified
r06_c15,epsg26911/e524240/n4008504/size256,NE,524240,4008504,524496,4008760,2,129,257,Assets/_Project/Art/Terrain/BadwaterFourSlices/Source/Heights/r06_c15.bytes,Assets/_Project/Art/Terrain/BadwaterFourSlices/Source/Colors/r06_c15.png,hash_verified
r07_c00,epsg26911/e520400/n4008248/size256,NW,520400,4008248,520656,4008504,2,129,257,Assets/_Project/Art/Terrain/BadwaterFourSlices/Source/Heights/r07_c00.bytes,Assets/_Project/Art/Terrain/BadwaterFourSlices/Source/Colors/r07_c00.png,hash_verified
r07_c01,epsg26911/e520656/n4008248/size256,NW,520656,4008248,520912,4008504,2,129,257,Assets/_Project/Art/Terrain/BadwaterFourSlices/Source/Heights/r07_c01.bytes,Assets/_Project/Art/Terrain/BadwaterFourSlices/Source/Colors/r07_c01.png,hash_verified
r07_c02,epsg26911/e520912/n4008248/size256,NW,520912,4008248,521168,4008504,2,129,257,Assets/_Project/Art/Terrain/BadwaterFourSlices/Source/Heights/r07_c02.bytes,Assets/_Project/Art/Terrain/BadwaterFourSlices/Source/Colors/r07_c02.png,hash_verified
r07_c03,epsg26911/e521168/n4008248/size256,NW,521168,4008248,521424,4008504,2,129,257,Assets/_Project/Art/Terrain/BadwaterFourSlices/Source/Heights/r07_c03.bytes,Assets/_Project/Art/Terrain/BadwaterFourSlices/Source/Colors/r07_c03.png,hash_verified
r07_c04,epsg26911/e521424/n4008248/size256,NW,521424,4008248,521680,4008504,2,129,257,Assets/_Project/Art/Terrain/BadwaterFourSlices/Source/Heights/r07_c04.bytes,Assets/_Project/Art/Terrain/BadwaterFourSlices/Source/Colors/r07_c04.png,hash_verified
r07_c05,epsg26911/e521680/n4008248/size256,NW,521680,4008248,521936,4008504,2,129,257,Assets/_Project/Art/Terrain/BadwaterFourSlices/Source/Heights/r07_c05.bytes,Assets/_Project/Art/Terrain/BadwaterFourSlices/Source/Colors/r07_c05.png,hash_verified
r07_c06,epsg26911/e521936/n4008248/size256,NW,521936,4008248,522192,4008504,2,129,257,Assets/_Project/Art/Terrain/BadwaterFourSlices/Source/Heights/r07_c06.bytes,Assets/_Project/Art/Terrain/BadwaterFourSlices/Source/Colors/r07_c06.png,hash_verified
r07_c07,epsg26911/e522192/n4008248/size256,NW,522192,4008248,522448,4008504,2,129,257,Assets/_Project/Art/Terrain/BadwaterFourSlices/Source/Heights/r07_c07.bytes,Assets/_Project/Art/Terrain/BadwaterFourSlices/Source/Colors/r07_c07.png,hash_verified
r07_c08,epsg26911/e522448/n4008248/size256,NE,522448,4008248,522704,4008504,2,129,257,Assets/_Project/Art/Terrain/BadwaterFourSlices/Source/Heights/r07_c08.bytes,Assets/_Project/Art/Terrain/BadwaterFourSlices/Source/Colors/r07_c08.png,hash_verified
r07_c09,epsg26911/e522704/n4008248/size256,NE,522704,4008248,522960,4008504,2,129,257,Assets/_Project/Art/Terrain/BadwaterFourSlices/Source/Heights/r07_c09.bytes,Assets/_Project/Art/Terrain/BadwaterFourSlices/Source/Colors/r07_c09.png,hash_verified
r07_c10,epsg26911/e522960/n4008248/size256,NE,522960,4008248,523216,4008504,2,129,257,Assets/_Project/Art/Terrain/BadwaterFourSlices/Source/Heights/r07_c10.bytes,Assets/_Project/Art/Terrain/BadwaterFourSlices/Source/Colors/r07_c10.png,hash_verified
r07_c11,epsg26911/e523216/n4008248/size256,NE,523216,4008248,523472,4008504,2,129,257,Assets/_Project/Art/Terrain/BadwaterFourSlices/Source/Heights/r07_c11.bytes,Assets/_Project/Art/Terrain/BadwaterFourSlices/Source/Colors/r07_c11.png,hash_verified
r07_c12,epsg26911/e523472/n4008248/size256,NE,523472,4008248,523728,4008504,2,129,257,Assets/_Project/Art/Terrain/BadwaterFourSlices/Source/Heights/r07_c12.bytes,Assets/_Project/Art/Terrain/BadwaterFourSlices/Source/Colors/r07_c12.png,hash_verified
r07_c13,epsg26911/e523728/n4008248/size256,NE,523728,4008248,523984,4008504,2,129,257,Assets/_Project/Art/Terrain/BadwaterFourSlices/Source/Heights/r07_c13.bytes,Assets/_Project/Art/Terrain/BadwaterFourSlices/Source/Colors/r07_c13.png,hash_verified
r07_c14,epsg26911/e523984/n4008248/size256,NE,523984,4008248,524240,4008504,2,129,257,Assets/_Project/Art/Terrain/BadwaterFourSlices/Source/Heights/r07_c14.bytes,Assets/_Project/Art/Terrain/BadwaterFourSlices/Source/Colors/r07_c14.png,hash_verified
r07_c15,epsg26911/e524240/n4008248/size256,NE,524240,4008248,524496,4008504,2,129,257,Assets/_Project/Art/Terrain/BadwaterFourSlices/Source/Heights/r07_c15.bytes,Assets/_Project/Art/Terrain/BadwaterFourSlices/Source/Colors/r07_c15.png,hash_verified
r08_c00,epsg26911/e520400/n4007992/size256,SW,520400,4007992,520656,4008248,2,129,257,Assets/_Project/Art/Terrain/BadwaterFourSlices/Source/Heights/r08_c00.bytes,Assets/_Project/Art/Terrain/BadwaterFourSlices/Source/Colors/r08_c00.png,hash_verified
r08_c01,epsg26911/e520656/n4007992/size256,SW,520656,4007992,520912,4008248,2,129,257,Assets/_Project/Art/Terrain/BadwaterFourSlices/Source/Heights/r08_c01.bytes,Assets/_Project/Art/Terrain/BadwaterFourSlices/Source/Colors/r08_c01.png,hash_verified
r08_c02,epsg26911/e520912/n4007992/size256,SW,520912,4007992,521168,4008248,2,129,257,Assets/_Project/Art/Terrain/BadwaterFourSlices/Source/Heights/r08_c02.bytes,Assets/_Project/Art/Terrain/BadwaterFourSlices/Source/Colors/r08_c02.png,hash_verified
r08_c03,epsg26911/e521168/n4007992/size256,SW,521168,4007992,521424,4008248,2,129,257,Assets/_Project/Art/Terrain/BadwaterFourSlices/Source/Heights/r08_c03.bytes,Assets/_Project/Art/Terrain/BadwaterFourSlices/Source/Colors/r08_c03.png,hash_verified
r08_c04,epsg26911/e521424/n4007992/size256,SW,521424,4007992,521680,4008248,2,129,257,Assets/_Project/Art/Terrain/BadwaterFourSlices/Source/Heights/r08_c04.bytes,Assets/_Project/Art/Terrain/BadwaterFourSlices/Source/Colors/r08_c04.png,hash_verified
r08_c05,epsg26911/e521680/n4007992/size256,SW,521680,4007992,521936,4008248,2,129,257,Assets/_Project/Art/Terrain/BadwaterFourSlices/Source/Heights/r08_c05.bytes,Assets/_Project/Art/Terrain/BadwaterFourSlices/Source/Colors/r08_c05.png,hash_verified
r08_c06,epsg26911/e521936/n4007992/size256,SW,521936,4007992,522192,4008248,2,129,257,Assets/_Project/Art/Terrain/BadwaterFourSlices/Source/Heights/r08_c06.bytes,Assets/_Project/Art/Terrain/BadwaterFourSlices/Source/Colors/r08_c06.png,hash_verified
r08_c07,epsg26911/e522192/n4007992/size256,SW,522192,4007992,522448,4008248,2,129,257,Assets/_Project/Art/Terrain/BadwaterFourSlices/Source/Heights/r08_c07.bytes,Assets/_Project/Art/Terrain/BadwaterFourSlices/Source/Colors/r08_c07.png,hash_verified
r08_c08,epsg26911/e522448/n4007992/size256,SE,522448,4007992,522704,4008248,2,129,257,Assets/_Project/Art/Terrain/BadwaterFourSlices/Source/Heights/r08_c08.bytes,Assets/_Project/Art/Terrain/BadwaterFourSlices/Source/Colors/r08_c08.png,hash_verified
r08_c09,epsg26911/e522704/n4007992/size256,SE,522704,4007992,522960,4008248,2,129,257,Assets/_Project/Art/Terrain/BadwaterFourSlices/Source/Heights/r08_c09.bytes,Assets/_Project/Art/Terrain/BadwaterFourSlices/Source/Colors/r08_c09.png,hash_verified
r08_c10,epsg26911/e522960/n4007992/size256,SE,522960,4007992,523216,4008248,2,129,257,Assets/_Project/Art/Terrain/BadwaterFourSlices/Source/Heights/r08_c10.bytes,Assets/_Project/Art/Terrain/BadwaterFourSlices/Source/Colors/r08_c10.png,hash_verified
r08_c11,epsg26911/e523216/n4007992/size256,SE,523216,4007992,523472,4008248,2,129,257,Assets/_Project/Art/Terrain/BadwaterFourSlices/Source/Heights/r08_c11.bytes,Assets/_Project/Art/Terrain/BadwaterFourSlices/Source/Colors/r08_c11.png,hash_verified
r08_c12,epsg26911/e523472/n4007992/size256,SE,523472,4007992,523728,4008248,2,129,257,Assets/_Project/Art/Terrain/BadwaterFourSlices/Source/Heights/r08_c12.bytes,Assets/_Project/Art/Terrain/BadwaterFourSlices/Source/Colors/r08_c12.png,hash_verified
r08_c13,epsg26911/e523728/n4007992/size256,SE,523728,4007992,523984,4008248,2,129,257,Assets/_Project/Art/Terrain/BadwaterFourSlices/Source/Heights/r08_c13.bytes,Assets/_Project/Art/Terrain/BadwaterFourSlices/Source/Colors/r08_c13.png,hash_verified
r08_c14,epsg26911/e523984/n4007992/size256,SE,523984,4007992,524240,4008248,2,129,257,Assets/_Project/Art/Terrain/BadwaterFourSlices/Source/Heights/r08_c14.bytes,Assets/_Project/Art/Terrain/BadwaterFourSlices/Source/Colors/r08_c14.png,hash_verified
r08_c15,epsg26911/e524240/n4007992/size256,SE,524240,4007992,524496,4008248,2,129,257,Assets/_Project/Art/Terrain/BadwaterFourSlices/Source/Heights/r08_c15.bytes,Assets/_Project/Art/Terrain/BadwaterFourSlices/Source/Colors/r08_c15.png,hash_verified
r09_c00,epsg26911/e520400/n4007736/size256,SW,520400,4007736,520656,4007992,2,129,257,Assets/_Project/Art/Terrain/BadwaterFourSlices/Source/Heights/r09_c00.bytes,Assets/_Project/Art/Terrain/BadwaterFourSlices/Source/Colors/r09_c00.png,hash_verified
r09_c01,epsg26911/e520656/n4007736/size256,SW,520656,4007736,520912,4007992,2,129,257,Assets/_Project/Art/Terrain/BadwaterFourSlices/Source/Heights/r09_c01.bytes,Assets/_Project/Art/Terrain/BadwaterFourSlices/Source/Colors/r09_c01.png,hash_verified
r09_c02,epsg26911/e520912/n4007736/size256,SW,520912,4007736,521168,4007992,2,129,257,Assets/_Project/Art/Terrain/BadwaterFourSlices/Source/Heights/r09_c02.bytes,Assets/_Project/Art/Terrain/BadwaterFourSlices/Source/Colors/r09_c02.png,hash_verified
r09_c03,epsg26911/e521168/n4007736/size256,SW,521168,4007736,521424,4007992,2,129,257,Assets/_Project/Art/Terrain/BadwaterFourSlices/Source/Heights/r09_c03.bytes,Assets/_Project/Art/Terrain/BadwaterFourSlices/Source/Colors/r09_c03.png,hash_verified
r09_c04,epsg26911/e521424/n4007736/size256,SW,521424,4007736,521680,4007992,2,129,257,Assets/_Project/Art/Terrain/BadwaterFourSlices/Source/Heights/r09_c04.bytes,Assets/_Project/Art/Terrain/BadwaterFourSlices/Source/Colors/r09_c04.png,hash_verified
r09_c05,epsg26911/e521680/n4007736/size256,SW,521680,4007736,521936,4007992,2,129,257,Assets/_Project/Art/Terrain/BadwaterFourSlices/Source/Heights/r09_c05.bytes,Assets/_Project/Art/Terrain/BadwaterFourSlices/Source/Colors/r09_c05.png,hash_verified
r09_c06,epsg26911/e521936/n4007736/size256,SW,521936,4007736,522192,4007992,2,129,257,Assets/_Project/Art/Terrain/BadwaterFourSlices/Source/Heights/r09_c06.bytes,Assets/_Project/Art/Terrain/BadwaterFourSlices/Source/Colors/r09_c06.png,hash_verified
r09_c07,epsg26911/e522192/n4007736/size256,SW,522192,4007736,522448,4007992,2,129,257,Assets/_Project/Art/Terrain/BadwaterFourSlices/Source/Heights/r09_c07.bytes,Assets/_Project/Art/Terrain/BadwaterFourSlices/Source/Colors/r09_c07.png,hash_verified
r09_c08,epsg26911/e522448/n4007736/size256,SE,522448,4007736,522704,4007992,2,129,257,Assets/_Project/Art/Terrain/BadwaterFourSlices/Source/Heights/r09_c08.bytes,Assets/_Project/Art/Terrain/BadwaterFourSlices/Source/Colors/r09_c08.png,hash_verified
r09_c09,epsg26911/e522704/n4007736/size256,SE,522704,4007736,522960,4007992,2,129,257,Assets/_Project/Art/Terrain/BadwaterFourSlices/Source/Heights/r09_c09.bytes,Assets/_Project/Art/Terrain/BadwaterFourSlices/Source/Colors/r09_c09.png,hash_verified
r09_c10,epsg26911/e522960/n4007736/size256,SE,522960,4007736,523216,4007992,2,129,257,Assets/_Project/Art/Terrain/BadwaterFourSlices/Source/Heights/r09_c10.bytes,Assets/_Project/Art/Terrain/BadwaterFourSlices/Source/Colors/r09_c10.png,hash_verified
r09_c11,epsg26911/e523216/n4007736/size256,SE,523216,4007736,523472,4007992,2,129,257,Assets/_Project/Art/Terrain/BadwaterFourSlices/Source/Heights/r09_c11.bytes,Assets/_Project/Art/Terrain/BadwaterFourSlices/Source/Colors/r09_c11.png,hash_verified
r09_c12,epsg26911/e523472/n4007736/size256,SE,523472,4007736,523728,4007992,2,129,257,Assets/_Project/Art/Terrain/BadwaterFourSlices/Source/Heights/r09_c12.bytes,Assets/_Project/Art/Terrain/BadwaterFourSlices/Source/Colors/r09_c12.png,hash_verified
r09_c13,epsg26911/e523728/n4007736/size256,SE,523728,4007736,523984,4007992,2,129,257,Assets/_Project/Art/Terrain/BadwaterFourSlices/Source/Heights/r09_c13.bytes,Assets/_Project/Art/Terrain/BadwaterFourSlices/Source/Colors/r09_c13.png,hash_verified
r09_c14,epsg26911/e523984/n4007736/size256,SE,523984,4007736,524240,4007992,2,129,257,Assets/_Project/Art/Terrain/BadwaterFourSlices/Source/Heights/r09_c14.bytes,Assets/_Project/Art/Terrain/BadwaterFourSlices/Source/Colors/r09_c14.png,hash_verified
r09_c15,epsg26911/e524240/n4007736/size256,SE,524240,4007736,524496,4007992,2,129,257,Assets/_Project/Art/Terrain/BadwaterFourSlices/Source/Heights/r09_c15.bytes,Assets/_Project/Art/Terrain/BadwaterFourSlices/Source/Colors/r09_c15.png,hash_verified
r10_c00,epsg26911/e520400/n4007480/size256,SW,520400,4007480,520656,4007736,2,129,257,Assets/_Project/Art/Terrain/BadwaterFourSlices/Source/Heights/r10_c00.bytes,Assets/_Project/Art/Terrain/BadwaterFourSlices/Source/Colors/r10_c00.png,hash_verified
r10_c01,epsg26911/e520656/n4007480/size256,SW,520656,4007480,520912,4007736,2,129,257,Assets/_Project/Art/Terrain/BadwaterFourSlices/Source/Heights/r10_c01.bytes,Assets/_Project/Art/Terrain/BadwaterFourSlices/Source/Colors/r10_c01.png,hash_verified
r10_c02,epsg26911/e520912/n4007480/size256,SW,520912,4007480,521168,4007736,2,129,257,Assets/_Project/Art/Terrain/BadwaterFourSlices/Source/Heights/r10_c02.bytes,Assets/_Project/Art/Terrain/BadwaterFourSlices/Source/Colors/r10_c02.png,hash_verified
r10_c03,epsg26911/e521168/n4007480/size256,SW,521168,4007480,521424,4007736,2,129,257,Assets/_Project/Art/Terrain/BadwaterFourSlices/Source/Heights/r10_c03.bytes,Assets/_Project/Art/Terrain/BadwaterFourSlices/Source/Colors/r10_c03.png,hash_verified
r10_c04,epsg26911/e521424/n4007480/size256,SW,521424,4007480,521680,4007736,2,129,257,Assets/_Project/Art/Terrain/BadwaterFourSlices/Source/Heights/r10_c04.bytes,Assets/_Project/Art/Terrain/BadwaterFourSlices/Source/Colors/r10_c04.png,hash_verified
r10_c05,epsg26911/e521680/n4007480/size256,SW,521680,4007480,521936,4007736,2,129,257,Assets/_Project/Art/Terrain/BadwaterFourSlices/Source/Heights/r10_c05.bytes,Assets/_Project/Art/Terrain/BadwaterFourSlices/Source/Colors/r10_c05.png,hash_verified
r10_c06,epsg26911/e521936/n4007480/size256,SW,521936,4007480,522192,4007736,2,129,257,Assets/_Project/Art/Terrain/BadwaterFourSlices/Source/Heights/r10_c06.bytes,Assets/_Project/Art/Terrain/BadwaterFourSlices/Source/Colors/r10_c06.png,hash_verified
r10_c07,epsg26911/e522192/n4007480/size256,SW,522192,4007480,522448,4007736,2,129,257,Assets/_Project/Art/Terrain/BadwaterFourSlices/Source/Heights/r10_c07.bytes,Assets/_Project/Art/Terrain/BadwaterFourSlices/Source/Colors/r10_c07.png,hash_verified
r10_c08,epsg26911/e522448/n4007480/size256,SE,522448,4007480,522704,4007736,2,129,257,Assets/_Project/Art/Terrain/BadwaterFourSlices/Source/Heights/r10_c08.bytes,Assets/_Project/Art/Terrain/BadwaterFourSlices/Source/Colors/r10_c08.png,hash_verified
r10_c09,epsg26911/e522704/n4007480/size256,SE,522704,4007480,522960,4007736,2,129,257,Assets/_Project/Art/Terrain/BadwaterFourSlices/Source/Heights/r10_c09.bytes,Assets/_Project/Art/Terrain/BadwaterFourSlices/Source/Colors/r10_c09.png,hash_verified
r10_c10,epsg26911/e522960/n4007480/size256,SE,522960,4007480,523216,4007736,2,129,257,Assets/_Project/Art/Terrain/BadwaterFourSlices/Source/Heights/r10_c10.bytes,Assets/_Project/Art/Terrain/BadwaterFourSlices/Source/Colors/r10_c10.png,hash_verified
r10_c11,epsg26911/e523216/n4007480/size256,SE,523216,4007480,523472,4007736,2,129,257,Assets/_Project/Art/Terrain/BadwaterFourSlices/Source/Heights/r10_c11.bytes,Assets/_Project/Art/Terrain/BadwaterFourSlices/Source/Colors/r10_c11.png,hash_verified
r10_c12,epsg26911/e523472/n4007480/size256,SE,523472,4007480,523728,4007736,2,129,257,Assets/_Project/Art/Terrain/BadwaterFourSlices/Source/Heights/r10_c12.bytes,Assets/_Project/Art/Terrain/BadwaterFourSlices/Source/Colors/r10_c12.png,hash_verified
r10_c13,epsg26911/e523728/n4007480/size256,SE,523728,4007480,523984,4007736,2,129,257,Assets/_Project/Art/Terrain/BadwaterFourSlices/Source/Heights/r10_c13.bytes,Assets/_Project/Art/Terrain/BadwaterFourSlices/Source/Colors/r10_c13.png,hash_verified
r10_c14,epsg26911/e523984/n4007480/size256,SE,523984,4007480,524240,4007736,2,129,257,Assets/_Project/Art/Terrain/BadwaterFourSlices/Source/Heights/r10_c14.bytes,Assets/_Project/Art/Terrain/BadwaterFourSlices/Source/Colors/r10_c14.png,hash_verified
r10_c15,epsg26911/e524240/n4007480/size256,SE,524240,4007480,524496,4007736,2,129,257,Assets/_Project/Art/Terrain/BadwaterFourSlices/Source/Heights/r10_c15.bytes,Assets/_Project/Art/Terrain/BadwaterFourSlices/Source/Colors/r10_c15.png,hash_verified
r11_c00,epsg26911/e520400/n4007224/size256,SW,520400,4007224,520656,4007480,2,129,257,Assets/_Project/Art/Terrain/BadwaterFourSlices/Source/Heights/r11_c00.bytes,Assets/_Project/Art/Terrain/BadwaterFourSlices/Source/Colors/r11_c00.png,hash_verified
r11_c01,epsg26911/e520656/n4007224/size256,SW,520656,4007224,520912,4007480,2,129,257,Assets/_Project/Art/Terrain/BadwaterFourSlices/Source/Heights/r11_c01.bytes,Assets/_Project/Art/Terrain/BadwaterFourSlices/Source/Colors/r11_c01.png,hash_verified
r11_c02,epsg26911/e520912/n4007224/size256,SW,520912,4007224,521168,4007480,2,129,257,Assets/_Project/Art/Terrain/BadwaterFourSlices/Source/Heights/r11_c02.bytes,Assets/_Project/Art/Terrain/BadwaterFourSlices/Source/Colors/r11_c02.png,hash_verified
r11_c03,epsg26911/e521168/n4007224/size256,SW,521168,4007224,521424,4007480,2,129,257,Assets/_Project/Art/Terrain/BadwaterFourSlices/Source/Heights/r11_c03.bytes,Assets/_Project/Art/Terrain/BadwaterFourSlices/Source/Colors/r11_c03.png,hash_verified
r11_c04,epsg26911/e521424/n4007224/size256,SW,521424,4007224,521680,4007480,2,129,257,Assets/_Project/Art/Terrain/BadwaterFourSlices/Source/Heights/r11_c04.bytes,Assets/_Project/Art/Terrain/BadwaterFourSlices/Source/Colors/r11_c04.png,hash_verified
r11_c05,epsg26911/e521680/n4007224/size256,SW,521680,4007224,521936,4007480,2,129,257,Assets/_Project/Art/Terrain/BadwaterFourSlices/Source/Heights/r11_c05.bytes,Assets/_Project/Art/Terrain/BadwaterFourSlices/Source/Colors/r11_c05.png,hash_verified
r11_c06,epsg26911/e521936/n4007224/size256,SW,521936,4007224,522192,4007480,2,129,257,Assets/_Project/Art/Terrain/BadwaterFourSlices/Source/Heights/r11_c06.bytes,Assets/_Project/Art/Terrain/BadwaterFourSlices/Source/Colors/r11_c06.png,hash_verified
r11_c07,epsg26911/e522192/n4007224/size256,SW,522192,4007224,522448,4007480,2,129,257,Assets/_Project/Art/Terrain/BadwaterFourSlices/Source/Heights/r11_c07.bytes,Assets/_Project/Art/Terrain/BadwaterFourSlices/Source/Colors/r11_c07.png,hash_verified
r11_c08,epsg26911/e522448/n4007224/size256,SE,522448,4007224,522704,4007480,2,129,257,Assets/_Project/Art/Terrain/BadwaterFourSlices/Source/Heights/r11_c08.bytes,Assets/_Project/Art/Terrain/BadwaterFourSlices/Source/Colors/r11_c08.png,hash_verified
r11_c09,epsg26911/e522704/n4007224/size256,SE,522704,4007224,522960,4007480,2,129,257,Assets/_Project/Art/Terrain/BadwaterFourSlices/Source/Heights/r11_c09.bytes,Assets/_Project/Art/Terrain/BadwaterFourSlices/Source/Colors/r11_c09.png,hash_verified
r11_c10,epsg26911/e522960/n4007224/size256,SE,522960,4007224,523216,4007480,2,129,257,Assets/_Project/Art/Terrain/BadwaterFourSlices/Source/Heights/r11_c10.bytes,Assets/_Project/Art/Terrain/BadwaterFourSlices/Source/Colors/r11_c10.png,hash_verified
r11_c11,epsg26911/e523216/n4007224/size256,SE,523216,4007224,523472,4007480,2,129,257,Assets/_Project/Art/Terrain/BadwaterFourSlices/Source/Heights/r11_c11.bytes,Assets/_Project/Art/Terrain/BadwaterFourSlices/Source/Colors/r11_c11.png,hash_verified
r11_c12,epsg26911/e523472/n4007224/size256,SE,523472,4007224,523728,4007480,2,129,257,Assets/_Project/Art/Terrain/BadwaterFourSlices/Source/Heights/r11_c12.bytes,Assets/_Project/Art/Terrain/BadwaterFourSlices/Source/Colors/r11_c12.png,hash_verified
r11_c13,epsg26911/e523728/n4007224/size256,SE,523728,4007224,523984,4007480,2,129,257,Assets/_Project/Art/Terrain/BadwaterFourSlices/Source/Heights/r11_c13.bytes,Assets/_Project/Art/Terrain/BadwaterFourSlices/Source/Colors/r11_c13.png,hash_verified
r11_c14,epsg26911/e523984/n4007224/size256,SE,523984,4007224,524240,4007480,2,129,257,Assets/_Project/Art/Terrain/BadwaterFourSlices/Source/Heights/r11_c14.bytes,Assets/_Project/Art/Terrain/BadwaterFourSlices/Source/Colors/r11_c14.png,hash_verified
r11_c15,epsg26911/e524240/n4007224/size256,SE,524240,4007224,524496,4007480,2,129,257,Assets/_Project/Art/Terrain/BadwaterFourSlices/Source/Heights/r11_c15.bytes,Assets/_Project/Art/Terrain/BadwaterFourSlices/Source/Colors/r11_c15.png,hash_verified
r12_c00,epsg26911/e520400/n4006968/size256,SW,520400,4006968,520656,4007224,2,129,257,Assets/_Project/Art/Terrain/BadwaterFourSlices/Source/Heights/r12_c00.bytes,Assets/_Project/Art/Terrain/BadwaterFourSlices/Source/Colors/r12_c00.png,hash_verified
r12_c01,epsg26911/e520656/n4006968/size256,SW,520656,4006968,520912,4007224,1,257,257,Assets/_Project/Art/Terrain/BadwaterFourSlices/Source/Heights/r12_c01.bytes,Assets/_Project/Art/Terrain/BadwaterFourSlices/Source/Colors/r12_c01.png,hash_verified
r12_c02,epsg26911/e520912/n4006968/size256,SW,520912,4006968,521168,4007224,1,257,257,Assets/_Project/Art/Terrain/BadwaterFourSlices/Source/Heights/r12_c02.bytes,Assets/_Project/Art/Terrain/BadwaterFourSlices/Source/Colors/r12_c02.png,hash_verified
r12_c03,epsg26911/e521168/n4006968/size256,SW,521168,4006968,521424,4007224,2,129,257,Assets/_Project/Art/Terrain/BadwaterFourSlices/Source/Heights/r12_c03.bytes,Assets/_Project/Art/Terrain/BadwaterFourSlices/Source/Colors/r12_c03.png,hash_verified
r12_c04,epsg26911/e521424/n4006968/size256,SW,521424,4006968,521680,4007224,2,129,257,Assets/_Project/Art/Terrain/BadwaterFourSlices/Source/Heights/r12_c04.bytes,Assets/_Project/Art/Terrain/BadwaterFourSlices/Source/Colors/r12_c04.png,hash_verified
r12_c05,epsg26911/e521680/n4006968/size256,SW,521680,4006968,521936,4007224,2,129,257,Assets/_Project/Art/Terrain/BadwaterFourSlices/Source/Heights/r12_c05.bytes,Assets/_Project/Art/Terrain/BadwaterFourSlices/Source/Colors/r12_c05.png,hash_verified
r12_c06,epsg26911/e521936/n4006968/size256,SW,521936,4006968,522192,4007224,2,129,257,Assets/_Project/Art/Terrain/BadwaterFourSlices/Source/Heights/r12_c06.bytes,Assets/_Project/Art/Terrain/BadwaterFourSlices/Source/Colors/r12_c06.png,hash_verified
r12_c07,epsg26911/e522192/n4006968/size256,SW,522192,4006968,522448,4007224,2,129,257,Assets/_Project/Art/Terrain/BadwaterFourSlices/Source/Heights/r12_c07.bytes,Assets/_Project/Art/Terrain/BadwaterFourSlices/Source/Colors/r12_c07.png,hash_verified
r12_c08,epsg26911/e522448/n4006968/size256,SE,522448,4006968,522704,4007224,2,129,257,Assets/_Project/Art/Terrain/BadwaterFourSlices/Source/Heights/r12_c08.bytes,Assets/_Project/Art/Terrain/BadwaterFourSlices/Source/Colors/r12_c08.png,hash_verified
r12_c09,epsg26911/e522704/n4006968/size256,SE,522704,4006968,522960,4007224,2,129,257,Assets/_Project/Art/Terrain/BadwaterFourSlices/Source/Heights/r12_c09.bytes,Assets/_Project/Art/Terrain/BadwaterFourSlices/Source/Colors/r12_c09.png,hash_verified
r12_c10,epsg26911/e522960/n4006968/size256,SE,522960,4006968,523216,4007224,2,129,257,Assets/_Project/Art/Terrain/BadwaterFourSlices/Source/Heights/r12_c10.bytes,Assets/_Project/Art/Terrain/BadwaterFourSlices/Source/Colors/r12_c10.png,hash_verified
r12_c11,epsg26911/e523216/n4006968/size256,SE,523216,4006968,523472,4007224,2,129,257,Assets/_Project/Art/Terrain/BadwaterFourSlices/Source/Heights/r12_c11.bytes,Assets/_Project/Art/Terrain/BadwaterFourSlices/Source/Colors/r12_c11.png,hash_verified
r12_c12,epsg26911/e523472/n4006968/size256,SE,523472,4006968,523728,4007224,2,129,257,Assets/_Project/Art/Terrain/BadwaterFourSlices/Source/Heights/r12_c12.bytes,Assets/_Project/Art/Terrain/BadwaterFourSlices/Source/Colors/r12_c12.png,hash_verified
r12_c13,epsg26911/e523728/n4006968/size256,SE,523728,4006968,523984,4007224,2,129,257,Assets/_Project/Art/Terrain/BadwaterFourSlices/Source/Heights/r12_c13.bytes,Assets/_Project/Art/Terrain/BadwaterFourSlices/Source/Colors/r12_c13.png,hash_verified
r12_c14,epsg26911/e523984/n4006968/size256,SE,523984,4006968,524240,4007224,2,129,257,Assets/_Project/Art/Terrain/BadwaterFourSlices/Source/Heights/r12_c14.bytes,Assets/_Project/Art/Terrain/BadwaterFourSlices/Source/Colors/r12_c14.png,hash_verified
r12_c15,epsg26911/e524240/n4006968/size256,SE,524240,4006968,524496,4007224,2,129,257,Assets/_Project/Art/Terrain/BadwaterFourSlices/Source/Heights/r12_c15.bytes,Assets/_Project/Art/Terrain/BadwaterFourSlices/Source/Colors/r12_c15.png,hash_verified
r13_c00,epsg26911/e520400/n4006712/size256,SW,520400,4006712,520656,4006968,2,129,257,Assets/_Project/Art/Terrain/BadwaterFourSlices/Source/Heights/r13_c00.bytes,Assets/_Project/Art/Terrain/BadwaterFourSlices/Source/Colors/r13_c00.png,hash_verified
r13_c01,epsg26911/e520656/n4006712/size256,SW,520656,4006712,520912,4006968,1,257,257,Assets/_Project/Art/Terrain/BadwaterFourSlices/Source/Heights/r13_c01.bytes,Assets/_Project/Art/Terrain/BadwaterFourSlices/Source/Colors/r13_c01.png,hash_verified
r13_c02,epsg26911/e520912/n4006712/size256,SW,520912,4006712,521168,4006968,1,257,257,Assets/_Project/Art/Terrain/BadwaterFourSlices/Source/Heights/r13_c02.bytes,Assets/_Project/Art/Terrain/BadwaterFourSlices/Source/Colors/r13_c02.png,hash_verified
r13_c03,epsg26911/e521168/n4006712/size256,SW,521168,4006712,521424,4006968,2,129,257,Assets/_Project/Art/Terrain/BadwaterFourSlices/Source/Heights/r13_c03.bytes,Assets/_Project/Art/Terrain/BadwaterFourSlices/Source/Colors/r13_c03.png,hash_verified
r13_c04,epsg26911/e521424/n4006712/size256,SW,521424,4006712,521680,4006968,2,129,257,Assets/_Project/Art/Terrain/BadwaterFourSlices/Source/Heights/r13_c04.bytes,Assets/_Project/Art/Terrain/BadwaterFourSlices/Source/Colors/r13_c04.png,hash_verified
r13_c05,epsg26911/e521680/n4006712/size256,SW,521680,4006712,521936,4006968,2,129,257,Assets/_Project/Art/Terrain/BadwaterFourSlices/Source/Heights/r13_c05.bytes,Assets/_Project/Art/Terrain/BadwaterFourSlices/Source/Colors/r13_c05.png,hash_verified
r13_c06,epsg26911/e521936/n4006712/size256,SW,521936,4006712,522192,4006968,2,129,257,Assets/_Project/Art/Terrain/BadwaterFourSlices/Source/Heights/r13_c06.bytes,Assets/_Project/Art/Terrain/BadwaterFourSlices/Source/Colors/r13_c06.png,hash_verified
r13_c07,epsg26911/e522192/n4006712/size256,SW,522192,4006712,522448,4006968,2,129,257,Assets/_Project/Art/Terrain/BadwaterFourSlices/Source/Heights/r13_c07.bytes,Assets/_Project/Art/Terrain/BadwaterFourSlices/Source/Colors/r13_c07.png,hash_verified
r13_c08,epsg26911/e522448/n4006712/size256,SE,522448,4006712,522704,4006968,2,129,257,Assets/_Project/Art/Terrain/BadwaterFourSlices/Source/Heights/r13_c08.bytes,Assets/_Project/Art/Terrain/BadwaterFourSlices/Source/Colors/r13_c08.png,hash_verified
r13_c09,epsg26911/e522704/n4006712/size256,SE,522704,4006712,522960,4006968,2,129,257,Assets/_Project/Art/Terrain/BadwaterFourSlices/Source/Heights/r13_c09.bytes,Assets/_Project/Art/Terrain/BadwaterFourSlices/Source/Colors/r13_c09.png,hash_verified
r13_c10,epsg26911/e522960/n4006712/size256,SE,522960,4006712,523216,4006968,2,129,257,Assets/_Project/Art/Terrain/BadwaterFourSlices/Source/Heights/r13_c10.bytes,Assets/_Project/Art/Terrain/BadwaterFourSlices/Source/Colors/r13_c10.png,hash_verified
r13_c11,epsg26911/e523216/n4006712/size256,SE,523216,4006712,523472,4006968,2,129,257,Assets/_Project/Art/Terrain/BadwaterFourSlices/Source/Heights/r13_c11.bytes,Assets/_Project/Art/Terrain/BadwaterFourSlices/Source/Colors/r13_c11.png,hash_verified
r13_c12,epsg26911/e523472/n4006712/size256,SE,523472,4006712,523728,4006968,2,129,257,Assets/_Project/Art/Terrain/BadwaterFourSlices/Source/Heights/r13_c12.bytes,Assets/_Project/Art/Terrain/BadwaterFourSlices/Source/Colors/r13_c12.png,hash_verified
r13_c13,epsg26911/e523728/n4006712/size256,SE,523728,4006712,523984,4006968,2,129,257,Assets/_Project/Art/Terrain/BadwaterFourSlices/Source/Heights/r13_c13.bytes,Assets/_Project/Art/Terrain/BadwaterFourSlices/Source/Colors/r13_c13.png,hash_verified
r13_c14,epsg26911/e523984/n4006712/size256,SE,523984,4006712,524240,4006968,2,129,257,Assets/_Project/Art/Terrain/BadwaterFourSlices/Source/Heights/r13_c14.bytes,Assets/_Project/Art/Terrain/BadwaterFourSlices/Source/Colors/r13_c14.png,hash_verified
r13_c15,epsg26911/e524240/n4006712/size256,SE,524240,4006712,524496,4006968,2,129,257,Assets/_Project/Art/Terrain/BadwaterFourSlices/Source/Heights/r13_c15.bytes,Assets/_Project/Art/Terrain/BadwaterFourSlices/Source/Colors/r13_c15.png,hash_verified
r14_c00,epsg26911/e520400/n4006456/size256,SW,520400,4006456,520656,4006712,2,129,257,Assets/_Project/Art/Terrain/BadwaterFourSlices/Source/Heights/r14_c00.bytes,Assets/_Project/Art/Terrain/BadwaterFourSlices/Source/Colors/r14_c00.png,hash_verified
r14_c01,epsg26911/e520656/n4006456/size256,SW,520656,4006456,520912,4006712,2,129,257,Assets/_Project/Art/Terrain/BadwaterFourSlices/Source/Heights/r14_c01.bytes,Assets/_Project/Art/Terrain/BadwaterFourSlices/Source/Colors/r14_c01.png,hash_verified
r14_c02,epsg26911/e520912/n4006456/size256,SW,520912,4006456,521168,4006712,2,129,257,Assets/_Project/Art/Terrain/BadwaterFourSlices/Source/Heights/r14_c02.bytes,Assets/_Project/Art/Terrain/BadwaterFourSlices/Source/Colors/r14_c02.png,hash_verified
r14_c03,epsg26911/e521168/n4006456/size256,SW,521168,4006456,521424,4006712,2,129,257,Assets/_Project/Art/Terrain/BadwaterFourSlices/Source/Heights/r14_c03.bytes,Assets/_Project/Art/Terrain/BadwaterFourSlices/Source/Colors/r14_c03.png,hash_verified
r14_c04,epsg26911/e521424/n4006456/size256,SW,521424,4006456,521680,4006712,2,129,257,Assets/_Project/Art/Terrain/BadwaterFourSlices/Source/Heights/r14_c04.bytes,Assets/_Project/Art/Terrain/BadwaterFourSlices/Source/Colors/r14_c04.png,hash_verified
r14_c05,epsg26911/e521680/n4006456/size256,SW,521680,4006456,521936,4006712,2,129,257,Assets/_Project/Art/Terrain/BadwaterFourSlices/Source/Heights/r14_c05.bytes,Assets/_Project/Art/Terrain/BadwaterFourSlices/Source/Colors/r14_c05.png,hash_verified
r14_c06,epsg26911/e521936/n4006456/size256,SW,521936,4006456,522192,4006712,2,129,257,Assets/_Project/Art/Terrain/BadwaterFourSlices/Source/Heights/r14_c06.bytes,Assets/_Project/Art/Terrain/BadwaterFourSlices/Source/Colors/r14_c06.png,hash_verified
r14_c07,epsg26911/e522192/n4006456/size256,SW,522192,4006456,522448,4006712,2,129,257,Assets/_Project/Art/Terrain/BadwaterFourSlices/Source/Heights/r14_c07.bytes,Assets/_Project/Art/Terrain/BadwaterFourSlices/Source/Colors/r14_c07.png,hash_verified
r14_c08,epsg26911/e522448/n4006456/size256,SE,522448,4006456,522704,4006712,2,129,257,Assets/_Project/Art/Terrain/BadwaterFourSlices/Source/Heights/r14_c08.bytes,Assets/_Project/Art/Terrain/BadwaterFourSlices/Source/Colors/r14_c08.png,hash_verified
r14_c09,epsg26911/e522704/n4006456/size256,SE,522704,4006456,522960,4006712,2,129,257,Assets/_Project/Art/Terrain/BadwaterFourSlices/Source/Heights/r14_c09.bytes,Assets/_Project/Art/Terrain/BadwaterFourSlices/Source/Colors/r14_c09.png,hash_verified
r14_c10,epsg26911/e522960/n4006456/size256,SE,522960,4006456,523216,4006712,2,129,257,Assets/_Project/Art/Terrain/BadwaterFourSlices/Source/Heights/r14_c10.bytes,Assets/_Project/Art/Terrain/BadwaterFourSlices/Source/Colors/r14_c10.png,hash_verified
r14_c11,epsg26911/e523216/n4006456/size256,SE,523216,4006456,523472,4006712,2,129,257,Assets/_Project/Art/Terrain/BadwaterFourSlices/Source/Heights/r14_c11.bytes,Assets/_Project/Art/Terrain/BadwaterFourSlices/Source/Colors/r14_c11.png,hash_verified
r14_c12,epsg26911/e523472/n4006456/size256,SE,523472,4006456,523728,4006712,2,129,257,Assets/_Project/Art/Terrain/BadwaterFourSlices/Source/Heights/r14_c12.bytes,Assets/_Project/Art/Terrain/BadwaterFourSlices/Source/Colors/r14_c12.png,hash_verified
r14_c13,epsg26911/e523728/n4006456/size256,SE,523728,4006456,523984,4006712,2,129,257,Assets/_Project/Art/Terrain/BadwaterFourSlices/Source/Heights/r14_c13.bytes,Assets/_Project/Art/Terrain/BadwaterFourSlices/Source/Colors/r14_c13.png,hash_verified
r14_c14,epsg26911/e523984/n4006456/size256,SE,523984,4006456,524240,4006712,2,129,257,Assets/_Project/Art/Terrain/BadwaterFourSlices/Source/Heights/r14_c14.bytes,Assets/_Project/Art/Terrain/BadwaterFourSlices/Source/Colors/r14_c14.png,hash_verified
r14_c15,epsg26911/e524240/n4006456/size256,SE,524240,4006456,524496,4006712,2,129,257,Assets/_Project/Art/Terrain/BadwaterFourSlices/Source/Heights/r14_c15.bytes,Assets/_Project/Art/Terrain/BadwaterFourSlices/Source/Colors/r14_c15.png,hash_verified
r15_c00,epsg26911/e520400/n4006200/size256,SW,520400,4006200,520656,4006456,2,129,257,Assets/_Project/Art/Terrain/BadwaterFourSlices/Source/Heights/r15_c00.bytes,Assets/_Project/Art/Terrain/BadwaterFourSlices/Source/Colors/r15_c00.png,hash_verified
r15_c01,epsg26911/e520656/n4006200/size256,SW,520656,4006200,520912,4006456,2,129,257,Assets/_Project/Art/Terrain/BadwaterFourSlices/Source/Heights/r15_c01.bytes,Assets/_Project/Art/Terrain/BadwaterFourSlices/Source/Colors/r15_c01.png,hash_verified
r15_c02,epsg26911/e520912/n4006200/size256,SW,520912,4006200,521168,4006456,2,129,257,Assets/_Project/Art/Terrain/BadwaterFourSlices/Source/Heights/r15_c02.bytes,Assets/_Project/Art/Terrain/BadwaterFourSlices/Source/Colors/r15_c02.png,hash_verified
r15_c03,epsg26911/e521168/n4006200/size256,SW,521168,4006200,521424,4006456,2,129,257,Assets/_Project/Art/Terrain/BadwaterFourSlices/Source/Heights/r15_c03.bytes,Assets/_Project/Art/Terrain/BadwaterFourSlices/Source/Colors/r15_c03.png,hash_verified
r15_c04,epsg26911/e521424/n4006200/size256,SW,521424,4006200,521680,4006456,2,129,257,Assets/_Project/Art/Terrain/BadwaterFourSlices/Source/Heights/r15_c04.bytes,Assets/_Project/Art/Terrain/BadwaterFourSlices/Source/Colors/r15_c04.png,hash_verified
r15_c05,epsg26911/e521680/n4006200/size256,SW,521680,4006200,521936,4006456,2,129,257,Assets/_Project/Art/Terrain/BadwaterFourSlices/Source/Heights/r15_c05.bytes,Assets/_Project/Art/Terrain/BadwaterFourSlices/Source/Colors/r15_c05.png,hash_verified
r15_c06,epsg26911/e521936/n4006200/size256,SW,521936,4006200,522192,4006456,2,129,257,Assets/_Project/Art/Terrain/BadwaterFourSlices/Source/Heights/r15_c06.bytes,Assets/_Project/Art/Terrain/BadwaterFourSlices/Source/Colors/r15_c06.png,hash_verified
r15_c07,epsg26911/e522192/n4006200/size256,SW,522192,4006200,522448,4006456,2,129,257,Assets/_Project/Art/Terrain/BadwaterFourSlices/Source/Heights/r15_c07.bytes,Assets/_Project/Art/Terrain/BadwaterFourSlices/Source/Colors/r15_c07.png,hash_verified
r15_c08,epsg26911/e522448/n4006200/size256,SE,522448,4006200,522704,4006456,2,129,257,Assets/_Project/Art/Terrain/BadwaterFourSlices/Source/Heights/r15_c08.bytes,Assets/_Project/Art/Terrain/BadwaterFourSlices/Source/Colors/r15_c08.png,hash_verified
r15_c09,epsg26911/e522704/n4006200/size256,SE,522704,4006200,522960,4006456,2,129,257,Assets/_Project/Art/Terrain/BadwaterFourSlices/Source/Heights/r15_c09.bytes,Assets/_Project/Art/Terrain/BadwaterFourSlices/Source/Colors/r15_c09.png,hash_verified
r15_c10,epsg26911/e522960/n4006200/size256,SE,522960,4006200,523216,4006456,2,129,257,Assets/_Project/Art/Terrain/BadwaterFourSlices/Source/Heights/r15_c10.bytes,Assets/_Project/Art/Terrain/BadwaterFourSlices/Source/Colors/r15_c10.png,hash_verified
r15_c11,epsg26911/e523216/n4006200/size256,SE,523216,4006200,523472,4006456,2,129,257,Assets/_Project/Art/Terrain/BadwaterFourSlices/Source/Heights/r15_c11.bytes,Assets/_Project/Art/Terrain/BadwaterFourSlices/Source/Colors/r15_c11.png,hash_verified
r15_c12,epsg26911/e523472/n4006200/size256,SE,523472,4006200,523728,4006456,2,129,257,Assets/_Project/Art/Terrain/BadwaterFourSlices/Source/Heights/r15_c12.bytes,Assets/_Project/Art/Terrain/BadwaterFourSlices/Source/Colors/r15_c12.png,hash_verified
r15_c13,epsg26911/e523728/n4006200/size256,SE,523728,4006200,523984,4006456,2,129,257,Assets/_Project/Art/Terrain/BadwaterFourSlices/Source/Heights/r15_c13.bytes,Assets/_Project/Art/Terrain/BadwaterFourSlices/Source/Colors/r15_c13.png,hash_verified
r15_c14,epsg26911/e523984/n4006200/size256,SE,523984,4006200,524240,4006456,2,129,257,Assets/_Project/Art/Terrain/BadwaterFourSlices/Source/Heights/r15_c14.bytes,Assets/_Project/Art/Terrain/BadwaterFourSlices/Source/Colors/r15_c14.png,hash_verified
r15_c15,epsg26911/e524240/n4006200/size256,SE,524240,4006200,524496,4006456,2,129,257,Assets/_Project/Art/Terrain/BadwaterFourSlices/Source/Heights/r15_c15.bytes,Assets/_Project/Art/Terrain/BadwaterFourSlices/Source/Colors/r15_c15.png,hash_verified
